,"Space group (0-bcc, 1-fcc)",1_0_0 surface energy,1_1_0 surface energy,1_1_1 surface energy,2_1_0 surface energy,2_1_1 surface energy,2_2_1 surface energy,3_1_0 surface energy,3_1_1 surface energy,3_2_0 surface energy,3_2_1 surface energy,3_2_2 surface energy,3_3_1 surface energy,3_3_2 surface energy,c_1_1 elastic constant,c_1_2 elastic constant,c_1_3  elastic constant,c_4_4  elastic constant,Shear modulus,Bulk modulus,Cohesive energy,Vacancy formation energy
0,1.0,0.948561894309852,1.0241355577127937,0.8649254041607916,1.070157880978304,0.9980818333704972,0.9809014833740319,1.0551431125093713,1.043093284868875,1.0646180948481327,1.0380667770745888,0.975697089221395,1.00758041190243,0.9713394447539859,124.2,93.9,93.9,46.4,33.9,104.0,2.85,1.1019700000000738
1,1.0,0.6044814315114068,0.7864986347292046,0.5934390693273982,0.8428200731270448,0.7536610313833361,0.7299731249253232,0.7893706818916691,0.8130838154811513,0.8316447460690666,0.8146123644904344,0.723915120778089,0.7724269823634649,0.7174876018852182,116.8,60.1,60.1,31.7,30.4,79.0,3.36,0.7074999999998819
2,1.0,0.6044814315114018,0.7864986347291792,0.5934390693273706,0.8428200731267484,0.8201136704789084,0.7300037061986756,0.7893706818916041,0.825850509943672,0.8348788521932868,0.8146309273492133,0.723737274023927,0.8479283636253636,0.7174733487592435,116.8,60.1,60.1,31.7,30.4,79.0,3.36,0.7069200000000957
3,1.0,0.9489172391049876,1.0130935148920028,0.874775844693407,1.0530301234671342,0.998492212796583,1.0576753835837538,1.0424162452183796,1.0188682323732328,1.0506918283329085,1.033424836250851,0.962352013010997,1.006455475357917,0.9739852653314485,113.8,61.6,61.6,31.6,29.4,79.0,3.36,0.6737299999999915
4,0.0,0.35058391210970025,0.5254581625541633,0.6473993055781522,0.6036775790070827,0.5792613245179491,0.6235569801391371,0.6356255170674181,0.6309562785559295,0.5681994304887958,0.6473637956371733,0.634281957548441,0.6068485079458229,0.6382606957468112,74.5,76.6,76.6,39.4,23.2,75.9,3.3016184,0.5619127999999831
5,1.0,0.5840378854592232,0.6308101753377927,0.5259760957321594,0.6622803855698065,0.608787249238352,0.5990464463332337,0.6516495851242399,0.6274838582041911,0.6571844763540299,0.6370029518469609,0.5952373930641895,0.6159994712358324,0.5930589993638701,90.1,70.7,70.7,33.1,23.7,77.2,3.31831725,0.717002799999956
6,0.0,1.262499378156779,1.0846819653532693,1.3990324408092183,1.258724903806306,1.308617401830168,1.3588632479846383,0.9976428363296468,1.354902398828763,1.0880336005808713,1.3649444992739599,1.3854846649551433,1.323871511199304,1.387658931894587,137.2,139.0,139.0,87.7,52.3,138.4,3.50214455,1.045832299999836
7,1.0,1.260764869064518,1.3606125465395988,1.169974749874266,1.4160555365497354,1.3337967190868616,1.3124321583077658,1.3990603951416738,1.3565943550786808,1.4107804567854136,1.3813396344182383,1.3034562933164258,1.3430841352918261,1.271137308946186,168.3,127.0,127.0,75.1,53.3,140.8,3.52456775,1.2742323000000284
8,1.0,0.9522937411056818,1.0442448608099661,0.8810140569610289,1.0865860933981262,1.0706035672958705,1.004251840927992,1.068335291458991,1.056792532152032,1.0851759323838917,1.064483593800955,1.0010072194144228,1.0342971974758306,0.9677775153453553,107.9,56.9,56.9,32.9,29.9,73.9,3.35928,0.6720199000001013
9,1.0,0.9522937411057019,1.0442448608099215,1.339422304251177,1.0865860933979332,1.070715483603472,1.0042159953218301,1.0683352914591084,1.0969730647308351,1.0851759323837824,1.0648003592004587,1.0150043847153016,1.148812447290375,0.9931087699699134,107.9,56.9,56.9,32.9,29.9,73.9,3.35928,0.6716299000000627
10,1.0,0.5697556852740807,0.6599558403209101,0.5795400677840327,0.6648304157521322,0.6676499387349697,0.6393766691043665,0.6363769501234844,0.6448578414626429,0.6686590481511037,0.6655762611948699,0.6310909272614734,0.6510857057000212,0.6349720582502527,44.0,36.7,36.7,7.2,5.8,39.1,2.030003925,0.30718610000007773
11,0.0,0.4269485753201828,0.5795585685752729,0.7889846346492498,0.4690340574275557,0.7010661818473001,0.7327554559618382,0.45743984304296287,0.6690777835046362,0.5839850890559424,0.6732949199572873,0.6846175129343476,0.722951916261272,0.7288453641415618,67.7,51.9,51.9,21.8,16.2,57.2,2.0126087,0.3975260999999617
12,0.0,0.08835591720935458,0.31733216850229695,0.9240816844009968,0.4357607215612178,0.82652499962778,0.9046943741244723,0.5057997907868289,0.8089019142385203,0.3917395535113718,0.893272587271055,0.9268430547563731,0.8583573207566393,0.9912378919976776,29.2,53.6,53.6,17.8,5.8,45.5,3.52295745,0.715761299999973
13,1.0,0.8690930258494773,0.9578238501356023,0.8325724288085857,0.9924831429574675,0.9870897770265173,1.00311576035621,0.9771257044092767,0.9625015211756706,0.9914059909183353,0.9809935036651166,0.9131210744057997,0.9558198404166306,0.9040783164923356,127.1,81.4,81.4,36.4,31.0,96.6,3.57999875,0.7150713000000097
14,1.0,1.3058269228050285,1.5436253649960934,1.1937097757496518,1.6171325438894104,1.5316971947929625,1.5669915926560203,1.5537870357754524,1.504888387486088,1.6026601851941662,1.5455053104107213,1.4404830177608188,1.4912568789892258,1.3925884970621116,201.6,169.5,169.5,46.0,34.0,180.2,3.924218,1.1283520999999461
15,1.0,1.1913920807365581,1.3354156723178667,1.79565385227185,1.4424072327902528,1.3383868065941278,1.3685201725210732,1.3955587541334011,1.4968649898544195,1.417359524705614,1.333432453661863,1.191864644841406,1.4885184866333483,1.1872955001035852,236.5,165.7,165.7,148.9,103.5,189.3,4.383116,1.437567649999873
16,1.0,0.8616990527483612,0.9688876717511617,0.8297307851825951,1.009581236806626,0.9450678996099726,0.9341751970248515,0.9842189314422274,0.9660210317705443,1.0053644784232778,0.986780011863659,0.949174008937998,0.9583178390728817,0.9271637579464186,95.5,78.5,78.5,19.1,14.9,84.2,3.368458,0.631641999999975
17,1.0,0.861699052748544,0.9688876717515764,0.8297307851827475,1.009581236807025,0.9445907327723153,0.9341593975154572,0.9842189314419918,1.058166642083968,1.0052080824136231,0.9878625628241876,0.9474224859027548,0.955669484673724,0.927168369262457,95.5,78.5,78.5,19.1,14.9,84.2,3.368458,0.631542
18,1.0,2.4866478615939136,2.6125950771865547,2.3337023399950962,2.6968369073812344,2.7530008242835797,2.633052793813552,2.729626710197229,2.8354234354094228,2.7169251333398337,2.7400210901510977,2.608758150294027,2.683607814717123,2.5988657910615403,275.8,159.0,159.0,108.2,88.3,197.9,4.3848785,1.553545699999809
19,1.0,1.355675333565133,1.4854039787953766,1.2431609028620132,1.5542163493689745,1.5135276343074473,1.4173260642931564,1.5290361345466452,1.5481159557558752,1.5455893991512497,1.507220771765835,1.4073129223333336,1.455956770280903,1.4029731598610244,169.9,122.6,122.6,76.2,55.2,138.4,3.54,1.271999999999898
20,1.0,0.9485618942053611,1.0241355563888779,0.8649254038181272,1.0701578808631753,0.9963205800656952,1.0581215538430582,1.0551431125350292,1.0213230420775268,1.064860099066223,1.039985018655366,0.9763116235687258,1.0075828611584916,0.9466539021522781,124.2,93.9,93.9,46.4,33.9,104.0,2.85,1.1019700000000738
21,0.0,0.3880064086607903,0.8993688585758446,1.1446275497013338,0.5357544337952667,0.9815053524037403,1.097027341484079,0.5200726787958847,1.1000394164155547,0.5944173909482418,1.0829932096189878,1.11176201333865,1.0612996520707747,1.1197078670471805,95.0,101.2,101.2,65.4,38.0,99.1,3.2910869,0.8422335000000358
22,1.0,1.0246688115434615,1.1359269814439528,0.9308146160512007,1.192430406345546,1.1540335201688636,1.073913751302629,1.1653287714860956,1.1282515308626657,1.18482095131372,1.1486857447497478,1.0650855621054702,1.1103797080462492,1.0302981841125942,119.4,89.9,89.9,49.7,35.7,99.7,3.3206665,0.8419335000001111
23,1.0,0.9486069197798981,1.0241431964989152,1.2869155247669009,1.070145625733081,1.0434116090105847,0.9809581099105528,1.055114823287281,1.0663648686203688,1.0646031155855147,1.0383984723896578,0.9771223110768098,1.1138447904232762,0.9706489115745895,115.8,88.2,88.2,44.3,32.1,97.4,2.849997,1.1020530999999858
24,1.0,1.3557417737889432,1.72626615422188,1.2432218463346723,1.5543049982977144,1.4405995400781417,1.4172181307685003,1.5291190204950074,1.479407253719238,1.545675932067995,1.5102394668193073,1.405186518752621,1.4583924976216545,1.3661438788489166,169.9,122.6,122.6,76.2,55.2,138.4,3.54021825,1.2719816999998481
25,1.0,1.3557417737891229,1.4854901844002857,1.8704904491624157,1.5543049982973358,1.5123457042230408,1.4172089657954816,1.528482096028843,1.4793356631156345,1.545965925821849,1.5095392791212605,1.3790806255010997,1.4583856509714108,1.4418209596530855,169.9,122.6,122.6,76.2,55.2,138.4,3.54021825,1.2719817000000755
26,1.0,1.51805453971841,1.6472245231060694,1.4497967436899724,1.708111646559806,1.6347719248214063,1.612223191547694,1.691597824171588,1.7245541845534011,1.7056170400687953,1.6898302001612986,1.6044950586393394,1.6420602706080245,1.5989277897073948,180.4,117.1,117.1,70.7,55.1,138.2,3.5398035,1.3198965000002025
27,0.0,2.094739638407072,1.8363415154033462,2.2019261610550203,2.057267693358921,2.0785369229085147,2.112417599619585,2.1078167410291884,2.141011380691356,1.9791483265010383,2.060611132952214,2.157620120162351,2.0404614022166285,2.163136236400557,243.4,129.6,129.6,27.6,39.3,167.5,7.465424,2.7703757999999263
28,0.0,1.0744046575190438,0.8496959273350028,1.1551085034319903,0.9486539193092735,1.032914656267255,1.0679968587140214,0.9987048146203217,1.0741464921260853,0.8656378216052955,1.0397821622964856,1.0905829829282128,1.0090775202382147,1.09486590011149,100.5,76.4,76.4,58.6,40.0,84.4,4.8399383,1.3927510000000218
29,1.0,0.8974532346932842,1.0452575301457352,0.7952145339281483,1.104985044383507,0.9741638536000958,1.0572404185158262,1.0572934257228794,1.0337560517814313,1.0918373824366,1.046029008837929,0.9505508371706417,0.9928647370436391,0.9805003515175084,132.6,94.5,94.5,74.0,52.0,107.2,4.82743075,1.5447510000000655
30,1.0,1.537842186794204,1.6367782653712017,1.4434587342651013,1.6897284454936607,1.675501371016253,1.6004242547750953,1.6775386742502734,1.7033962263268285,1.686886875780017,1.6666296085760908,1.5901857975566112,1.697138993751699,1.584000597559068,181.0,123.6,123.6,50.8,42.0,142.7,3.206348,1.1672718999999598
31,0.0,1.7962431388108924,1.651454452053721,1.999929652881817,1.8346539913336344,1.8900938021966456,1.9321420091497223,1.8599828509385337,1.9335054288298308,1.7821914515353972,1.920671029177965,1.965281370940486,1.8654007056288253,1.972837834400376,243.4,145.0,145.0,116.0,89.3,177.8,4.1224351,1.712164900000137
32,0.0,0.5595183857310237,0.6709708446337949,1.497692672996018,0.7603166895222437,1.4949104479822408,1.4508515532038155,0.6949641232461812,1.4451531422558932,0.7325406181009556,1.4627041277118729,1.4686509950620703,1.3981831021215787,1.4640677667434443,120.9,135.0,135.0,87.7,49.8,130.3,3.49471365,1.272381699999975
33,1.0,1.3557417740966808,1.485490184724898,1.2432218463519822,1.554304998464377,1.512530108742958,1.4171188739854443,1.529119020991466,1.5136889409229684,1.5456759325069986,1.5074795019947966,1.4086350620910002,1.4593555755517476,1.3653921888341352,169.9,122.6,122.6,76.2,55.2,138.4,3.54021825,1.2719817000000755
34,1.0,1.7642578407944312,1.9866178791592608,2.5570886855369466,2.0940133645677528,2.0249874120097586,2.060561573906443,2.0419176205978258,2.0780141722291354,2.077222850213726,2.0163169882728704,1.8659431292442537,2.064587717283096,1.856102449590873,244.2,148.5,148.5,125.5,94.4,180.4,4.4502615,1.5598383999999657
35,1.0,1.7946681182313733,2.0935184054563916,1.7849336606822142,2.178547830974759,2.1320750586083443,1.998482448706012,2.0983704258983096,2.080681592626134,2.1660893695842023,2.137194041784152,2.043279453831071,2.0539785503039956,1.9880854591341632,154.0,122.0,122.0,77.0,52.6,132.7,4.39964725,1.9900060000001343
36,1.0,1.8371657631235523,1.948104495039953,2.409814284574964,2.013205123079774,2.026139907546378,2.054945075359688,2.0046270140634452,2.0872586532478006,2.0127315256470166,2.010766470459833,1.9317057375090008,2.0461365943487406,1.926245410630636,247.1,144.2,144.2,107.6,85.1,178.5,4.448659,1.3904409000001436
37,1.0,2.368065344655822,3.249409977344443,3.68989639048871,2.814519237832506,3.5824836825580473,3.6563663363184635,2.878152356051999,3.57292095237228,2.879708572535932,3.6307270771635025,3.6341650861340087,3.675697820053598,3.631196197278798,245.5,173.4,173.4,36.0,103.4,197.4,4.20010395,2.2901511999999036
38,1.0,2.3712537473076067,2.4981025004587782,2.30529601322547,2.5784827421527647,2.5742032395577445,2.6154316486271796,2.5713518698088373,2.5309232698631554,2.5766866592857425,2.5622845926296707,2.4788747025539664,2.5094232467918216,2.479201789484778,245.5,173.4,173.4,148.4,103.5,197.4,4.200104,2.289651200000029
39,1.0,1.6269179125356024,1.7867072418440593,1.6138183160899717,1.8705114148218567,1.7892670382677665,1.7593260487809206,1.847403830113819,1.8030687569349582,1.8613403257285575,1.8421018195088006,1.7623905005579894,1.7928460205745669,1.763264656805648,141.1,100.3,100.3,108.2,73.1,113.9,4.1166315,2.052563799999991
40,1.0,0.7745337937929243,1.033977595928437,0.6891119968976949,1.1329986666229157,0.9191510421281938,0.884780905936832,1.0464866785814597,0.9991805614202873,1.1070918370751883,1.0301113517564537,0.8353522062640859,0.9461936861845069,0.8746998331313809,246.9,147.1,147.1,125.0,95.0,180.4,4.44974225,1.4814577999999896
41,1.0,1.5020129179161015,2.099006387926105,1.396975226612135,1.8613248594611884,1.7723653147731218,1.622223395578232,1.7912326988056413,1.7783131163888737,1.842473728495469,1.7708538561525942,1.6124683317185555,1.6865678624911395,1.5514345110642327,247.3,182.5,182.5,145.5,100.3,204.1,3.6902895,2.2242897000002984
42,1.0,1.5020129179166741,1.7540361708244956,1.3969752266120363,1.8613248594570138,1.663735838331899,1.622221835787058,1.7918395601590107,1.7356804304529863,1.843227654909941,1.7679798792635903,1.6124683312749024,1.6865678999169704,1.5514345110469447,247.3,182.5,182.5,145.5,100.3,204.1,3.6902895,2.224389700000046
43,0.0,1.7962431388108924,1.651454452053721,1.999929652881817,1.8346539913336344,1.8900938021966456,1.9321420091497223,1.8599828509385337,1.9335054288298308,1.7821914515353972,1.920671029177965,1.965281370940486,1.8654007056288253,1.972837834400376,243.4,145.0,145.0,116.0,89.3,177.8,4.1224351,1.712164900000137
44,1.0,1.7642578407944312,1.9866178791592608,2.5570886855369723,2.0940133645677528,2.024987412008672,2.060561573906443,2.0419176205978258,2.0780141722291923,2.077222850213726,2.0163169882728704,1.8659431292442537,2.06458771728626,1.856102449590873,244.2,148.5,148.5,125.5,94.4,180.4,4.4502615,1.5598383999999657
45,0.0,0.46631499281939665,0.4991016722307765,0.5946063571861501,0.4254227460003301,0.6046689636649478,0.5795360213367156,0.3666895528986774,0.5727480431749374,0.40980599955641284,0.5764111516704953,0.5955528120086664,0.5597819219915184,0.593868938362163,35.9,30.6,30.6,27.6,17.6,32.4,1.49255375,0.6802788500000299
46,1.0,0.957162500809304,1.0489307350573531,0.8835005331900835,1.0911803428139373,1.0740353007882053,1.0077574433281302,1.0733393729352279,1.0997146642484954,1.0896291865931451,1.068986037019102,1.0020012630858979,1.152689492796162,0.9962220293313931,118.0,62.2,62.2,36.7,33.2,80.8,3.36005275,0.6872273000000009
47,1.0,0.9489285467763832,1.0131042551581362,1.2765012360920518,1.053040642667437,1.0416110001465515,0.9828171478012127,1.0424274698121878,1.0203773796986995,1.0507016804208478,1.0328472589997957,0.9617563996135784,1.0064712845041064,0.9514729463167413,113.8,61.5,61.5,31.6,29.4,78.9,3.36,0.673749999999941
48,1.0,2.4866478508711887,2.6125949565906743,2.33370228681695,2.6968368663848707,2.6707129951047914,2.632489689579148,2.729626635355135,2.6530673777471327,2.716924988315485,2.7276935255654533,2.5719275556927736,2.683834791380728,2.597942883992017,275.8,159.0,159.0,108.2,88.3,197.9,4.3848785,1.5535455999998096
49,1.0,1.9450488705261864,2.0967801580526766,1.7628953956745999,2.1963554052149914,2.1414951859411926,2.0100013809591726,2.1724631404295707,2.147755327515828,2.1852353220075824,2.132574524421388,1.993071021440225,2.1780030076479564,1.986847633328811,241.3,150.8,150.8,127.3,94.5,181.0,4.45,1.5712000000001352
50,1.0,0.9489285872351557,1.0131042489689868,1.2765012319971065,1.0530406578626677,0.9991230601174483,0.982809759243548,1.0437877086192544,1.058994546218632,1.050701657775353,1.0333528542794255,0.9948583675000053,1.0036229756131003,0.9739952767552666,113.8,61.5,61.5,31.6,29.4,78.9,3.36,0.6744999999999801
51,1.0,0.9489285872351491,1.0131042489689923,0.8747859129377701,1.053040657862464,0.999123060196257,1.0577007978917676,1.042427437070653,1.0188323113443611,1.0504142179712952,1.0334591325071494,0.9768803256021441,1.006482307613567,0.951598358970189,113.8,61.5,61.5,31.6,29.4,78.9,3.36,0.673749999999941
52,1.0,1.9450488584585424,2.0967801820405705,2.9205664485589375,2.1963554108830032,2.2479862092750995,2.1737930558340826,2.1724631181746514,2.2460717430262664,2.185158333227674,2.1328776960545164,2.0322288822883223,2.2904753881015374,2.0409922933527036,241.3,150.8,150.8,127.3,94.5,181.0,4.45,1.5712000000001352
53,1.0,0.9489285523612236,1.0131042674886317,1.2765012331403405,1.053040644435857,1.0886502818473858,0.982801408417449,1.0424274695587,1.0404311783534168,1.0507016779611698,1.033298535886504,0.9786388492680326,1.006454123671156,0.9725422389814504,113.8,61.5,61.5,31.6,29.4,78.9,3.36,0.6744999999999801
54,1.0,0.9489285523612236,1.0131042674886317,1.2765012331403387,1.053040644435857,0.9982718539485372,0.982801408417449,1.0437877311133141,1.0404311784398248,1.0507016779611698,1.0333763412106174,0.9764687777368117,1.056525487176666,0.9515546819089562,113.8,61.5,61.5,31.6,29.4,78.9,3.36,0.673749999999941
55,1.0,2.4866478839061523,2.612594978676969,2.33370232686929,2.6968368511115886,2.752519050471457,2.7759325609570618,2.7296266655834343,2.653242376297524,2.7169249917656972,2.73254394115507,2.6426260016485417,2.6844674361978464,2.5449217361102923,275.7,158.9,158.9,108.2,88.3,197.8,4.3848785,1.5535455999998096
56,1.0,1.9450488584585424,2.0967801820405705,2.9205664485589375,2.1963554108830032,2.2479862092750995,2.1737930558340826,2.1724631181746514,2.2460717430262664,2.185158333227674,2.1328776960545164,2.0322288822883223,2.2904753881015374,2.0409922933527036,241.3,150.8,150.8,127.3,94.5,181.0,4.45,1.5712000000001352
57,1.0,2.4866478839061523,2.612594978676969,2.33370232686929,2.6968368511115886,2.752519050471457,2.7759325609570618,2.7296266655834343,2.653242376297524,2.7169249917656972,2.73254394115507,2.6426260016485417,2.6844674361978464,2.5449217361102923,275.7,158.9,158.9,108.2,88.3,197.8,4.3848785,1.5535455999998096
58,1.0,0.9489285536761021,1.0131042733896012,0.8747859324267065,1.0530406449855039,0.9982404382790862,0.9829213257788666,1.042427469427543,1.0404177113785924,1.050414235075358,1.0337059169697291,0.9779075271576728,1.0064732660334375,0.9725432169594823,113.8,61.5,61.5,31.6,29.4,78.9,3.36,0.673749999999941
59,1.0,2.4866479099293226,3.0429143157337544,2.333702270835959,2.696836879612481,2.6707345569669028,2.6341543367471907,2.729626656642001,2.6532264784337434,2.716924994924329,2.7320379990545387,2.6094140418084124,2.6841852018934595,2.543528671296829,275.8,159.0,159.0,108.2,88.3,197.9,4.3848785,1.553550649999809
60,1.0,1.945048876301011,2.096780159882525,2.641541035429335,2.196355409487726,2.0474281300448065,2.173701494172876,2.170329207507106,2.103681032269219,2.1851583246948336,2.1329524245003286,2.0334655881817363,2.0683109471143224,1.9869743327824498,241.3,150.8,150.8,127.3,94.5,181.0,4.45,1.5712000000001352
61,1.0,0.9489285536761021,1.0131042733896012,0.8747859324267065,1.0530406449855039,0.9982404382790862,0.9829213257788666,1.042427469427543,1.0404177113785924,1.050414235075358,1.0337059169697291,0.9779075271576728,1.0064732660334375,0.9725432169594823,113.8,61.5,61.5,31.6,29.4,78.9,3.36,0.673749999999941
62,1.0,2.4866479099293226,3.0429143157337544,2.333702270835959,2.696836879612481,2.6707345569669028,2.6341543367471907,2.729626656642001,2.6532264784337434,2.716924994924329,2.7320379990545387,2.6094140418084124,2.6841852018934595,2.543528671296829,275.8,159.0,159.0,108.2,88.3,197.9,4.3848785,1.553550649999809
63,1.0,1.945048876301011,2.096780159882525,2.641541035429335,2.196355409487726,2.0474281300448065,2.173701494172876,2.170329207507106,2.103681032269219,2.1851583246948336,2.1329524245003286,2.0334655881817363,2.0683109471143224,1.9869743327824498,241.3,150.8,150.8,127.3,94.5,181.0,4.45,1.5712000000001352
64,1.0,2.4866479099293226,3.0429143157337544,2.333702270835959,2.696836879612481,2.6707345569669028,2.6341543367471907,2.729626656642001,2.6532264784337434,2.716924994924329,2.7320379990545387,2.6094140418084124,2.6841852018934595,2.543528671296829,275.8,159.0,159.0,108.2,88.3,197.9,4.3848785,1.553550649999809
65,0.0,2.2936577693187528,2.0563493645283653,2.4469087813210875,2.23050506488575,2.3021278180283495,2.3251402589075747,2.231200284546433,2.364667678618999,2.1494306528495697,2.3384213437986907,2.420317379975391,2.2368294451461543,2.4145701279899425,233.1,123.9,123.9,32.1,41.1,160.3,7.091233,3.0954669999999735
66,0.0,2.050450425655442,1.7553540075963712,2.2002766470215,2.0138342267827434,2.190321455705476,2.091466556878183,2.0732001700959763,2.1239360153932285,1.9331471976016457,2.071179684382864,2.145329876769536,2.0087108541577177,2.142037348403427,247.5,143.6,143.6,86.6,72.7,178.2,8.089,2.746899900000038
67,1.0,1.8792727930252064,1.9800317593289265,1.598281128511287,2.1017149885460267,1.8917310749882161,1.8428944505914746,2.077178664655734,1.967783216256727,2.0781990142807376,1.9844507723718663,1.8317906812827696,1.904597866708892,1.7713274009137714,298.2,230.5,230.5,67.7,54.2,253.1,7.95151725,2.791699900000161
68,1.0,1.8874106367602488,2.0582748354116767,1.6329348986349699,2.1808222114953346,2.081171552956578,1.9178604643409611,2.1435331088680205,2.0441967699498775,2.1613459032857465,2.073165400800888,1.9452549825925791,1.9921539158073585,1.8911796526001583,247.9,147.8,147.8,124.8,94.9,181.2,4.45,1.5993999999998776
69,1.0,1.2535047559099075,1.4828917115031677,1.0634886203742409,1.5940357992644751,1.3644176226929206,1.320103602548335,1.523195897870603,1.4381717527270377,1.5705447178087075,1.4723957515946877,1.3042171689115662,1.392299204419697,1.2963059425536658,635.1,315.7,315.7,136.1,145.5,422.2,4.50133525,0.563464800000105
70,1.0,1.0165582759413685,1.1180169946871767,1.4651253594206664,1.1679403855950874,1.1658645508532275,1.0926448138888516,1.1569037893259972,1.158698935532337,1.1668492154276706,1.1575789994509804,1.0854230262801154,1.252681078871383,1.0814049181192276,145.1,78.1,78.1,84.4,64.0,100.4,3.36217725,1.2620226999999735
71,1.0,1.9450488137079478,2.0967801641061024,1.762895421596872,2.1963553863057155,2.047433766147863,2.009945458119998,2.172463102662208,2.103764400671797,2.1852352880884984,2.132750269671474,1.9941440228398342,2.0683720015873317,1.9869080633957084,241.3,150.8,150.8,127.3,94.5,181.0,4.45,1.5712000000001352
72,1.0,0.6044814202702762,0.7864986478550281,0.5934391007392743,0.842820080199865,0.7538695931839889,0.7299869682339778,0.7968328929499181,0.8282583417469269,0.8348788459432424,0.8162563488637157,0.7509964247741906,0.747748900420674,0.7209499847642338,116.8,60.1,60.1,31.7,30.4,79.0,3.36,0.7069200000000957
73,1.0,2.0699330350660516,2.3646376900766777,1.9341630559265037,2.446834571418525,2.3880345212646503,2.2332528214267984,2.386627826566213,2.3526539058879905,2.4446443715469814,2.38140719465107,2.2076533062619745,2.3102510504297866,2.198786026413374,246.7,147.5,147.5,125.0,94.8,180.6,4.45,1.5919000000001686
74,1.0,1.017632419364425,1.1542990023757582,1.4540489812260313,1.1848410574861132,1.1749312662590203,1.1158710697752492,1.155734734884245,1.2149525037798732,1.1869591299691262,1.168710248288576,1.1288551916190608,1.2482263989378917,1.1065685556327232,114.0,62.0,62.0,31.6,29.4,79.3,3.36,0.5240699999999516
75,1.0,0.9485666533601612,1.024141300956309,0.8649307388683148,1.070191802872864,0.9983309064752496,0.9809487428218328,1.0552763305704236,1.0210708172153418,1.0646428402710093,1.0416014141359489,0.9765725754936804,1.007481605231896,0.9704020003344165,124.2,93.9,93.9,46.4,33.9,104.0,2.8500135,1.1019563999999602
76,1.0,1.7999778014853087,1.9550246048115634,1.8241703389747228,1.9561823542853294,2.015471087206872,2.040597017054937,1.953097051226852,1.9671165735159988,1.9532914883571437,2.006901864752724,1.9742355478319589,1.968948928357214,1.9452105874087267,324.1,160.7,160.7,106.2,96.4,215.2,1.7686821,1.142356700000001
77,0.0,1.300245405483552,1.5118193779898506,1.9560875159345843,1.5486827694607566,1.8920819429467433,1.9566156202779614,1.7140866550138774,1.8970468926853308,1.6282199160652688,1.9638187885794518,1.9673329711754661,1.9139784099938646,1.965359027571586,47.5,119.3,119.3,85.4,36.9,95.4,1.7488533,1.1426966999999384
78,1.0,0.9485666524464541,1.0241413010746827,0.8649307405424181,1.0701918027853445,1.044107100506897,1.0588499745147761,1.0551681922141178,1.0211621777052058,1.0646428404119408,1.0382921474181648,0.9739490027788595,1.0075050689780258,0.970763488193291,124.2,93.9,93.9,46.4,33.9,104.0,2.8500135,1.1019563999999602
79,1.0,1.7999778014853087,1.9550246048115634,1.8241703389747228,1.9561823542853294,2.015471087206872,2.040597017054937,1.953097051226852,1.9671165735159988,1.9532914883571437,2.006901864752724,1.9742355478319589,1.968948928357214,1.9452105874087267,324.1,160.7,160.7,106.2,96.4,215.2,1.7686821,1.142356700000001
80,0.0,1.300245405483552,1.5118193779898506,1.9560875159345843,1.5486827694607566,1.8920819429467433,1.9566156202779614,1.7140866550138774,1.8970468926853308,1.6282199160652688,1.9638187885794518,1.9673329711754661,1.9139784099938646,1.965359027571586,47.5,119.3,119.3,85.4,36.9,95.4,1.7488533,1.1426966999999384
81,0.0,2.290948252762136,1.9669349916274408,2.537016454471649,2.264263099453443,2.329215989447707,2.3870716888396757,2.335626565877274,2.400251051234864,2.1725270416809144,2.3938686118807357,2.4659740986826577,2.2779046609299645,2.458066751133889,262.6,160.7,160.7,81.8,69.5,194.7,8.1,2.3946999999999665
82,0.0,2.413195563041596,2.0445319670315723,2.754074710975839,2.392429347638255,2.498615816207199,2.554653307559301,2.4426447276097907,2.5892313229827724,2.282644361876971,2.560451873323183,2.634924766702274,2.418727407437526,2.643870637398857,266.9,160.4,160.4,86.0,72.9,195.9,8.1,1.9509999999999312
83,1.0,0.28011306957311455,0.6460064693091844,2.9675754634902183,0.5767367123180727,1.6875192217471506,2.203354781855951,0.3815775320407021,2.3352257433637766,0.6969601721875929,2.421891286791237,2.139240154634896,2.389236547478212,2.1368280321946465,73.8,141.2,141.2,66.0,26.1,118.7,7.93305125,1.9520999999998825
84,1.0,0.7613386250598252,0.8143114649490402,0.6219722943160345,0.8680075801903475,0.7595842955906049,0.8209042471021547,0.8525903707315998,0.800319895280791,0.8561799606057778,0.8069423838605694,0.7320508411799955,0.7739590043047704,0.7285602316105287,172.4,141.8,141.8,86.4,58.0,152.0,2.967444,1.021126100000095
85,1.0,0.49375281840051066,0.5818254958709481,0.4260572022044398,0.6225942165846668,0.5359105569290655,0.6013390433525793,0.5967794514084485,0.5696305328038729,0.6140227925205084,0.5820445770738792,0.4979426349474732,0.5494567437912935,0.49068549821801505,105.1,59.5,59.5,30.7,27.5,74.7,3.410657,0.657643000000022
86,1.0,1.0370085297146314,1.1088336567241661,1.3702418336051503,1.1415534114488102,1.1374556343722824,1.0833065513206164,1.1343922174024985,1.1149089758133224,1.1425090513261513,1.1289287429505397,1.059244969781437,1.1065414021136226,1.051275156849633,117.1,63.1,63.1,40.9,35.3,81.1,3.90514875,0.7546511999999046
87,1.0,1.0370085297146314,1.1088336567241661,1.3702418336051887,1.1415534114488102,1.0961804228897183,1.0833065513206164,1.1343922174024985,1.1756287798715435,1.1425090513261513,1.1301346073767833,1.0915860094542171,1.1521289446099385,1.0720734274961172,117.1,63.1,63.1,40.9,35.3,81.1,3.90514875,0.7543611999999547
88,1.0,0.19203442728337522,0.3276105863226368,0.1370152124950233,0.3808421818791644,0.3118821183597229,0.3377614199802333,0.3299196429213488,0.30418905861762063,0.36392283837332995,0.30994778725747935,0.25673255566664976,0.27154763623543143,0.23069213173655156,115.9,61.4,61.4,33.4,30.9,79.6,3.3697055,0.6764445000000117
89,1.0,1.5523076972729972,1.6968485797027022,1.4054877265695158,1.7783869676399973,1.7171205738149227,1.6072545214008183,1.7475378278911604,1.6094471417691596,-0.15446624007350784,1.7138181413569438,1.5912451919945632,1.7294560478582368,1.5891973720007362,85.0,49.5,49.5,21.1,19.8,61.3,3.89240225,1.6437177000000007
90,0.0,1.7627596023773033,1.6176419122913324,1.9661175583693984,1.7986473154058722,1.8566544617501106,1.8967205476887143,1.8281575941614796,1.8959464404132136,1.7468027029904722,1.9050867869874826,1.9355165001440926,1.830148575893052,1.9385046055463973,243.4,145.1,145.1,116.2,89.4,177.9,4.0129823,1.720917700000176
91,1.0,0.4937510041560475,0.5818245469851164,0.4260592844193406,0.6225938508489348,0.5825134774309431,0.5215109915165235,0.5961627880642746,0.5696210441998012,0.6140225800518333,0.5830971719445938,0.4977524195715957,0.5494591773971228,0.49066781256078534,110.2,61.4,61.4,32.6,29.3,77.7,3.410657,0.657942999999833
92,1.0,0.49375100415610623,0.5818245469851145,0.42605928441926894,0.6225938508424599,0.5358627154075042,0.5215132230003959,0.5961627880642064,0.5696304425971859,0.6140225800519,0.5799850590897467,0.4977522152557501,0.5494624596212668,0.5140731120571441,110.2,61.4,61.4,32.6,29.3,77.7,3.410657,0.6576529999999967
93,0.0,0.24327546737502423,0.317557315707494,0.3981081760948998,0.20320677478348395,0.37442862798057525,0.3528313285161692,0.1475299072462242,0.359485411675459,0.1722394542911799,0.3364606598464498,0.3660288855608747,0.3214693333255096,0.36602132443097485,66.2,53.2,53.2,49.8,32.5,57.5,1.51513755,0.8086239500000023
94,1.0,0.7629371721759024,0.8161053683580066,0.6219087695019989,0.8656028149258826,0.8060490009370768,0.7410559549490607,0.8497493702339751,0.7988099061799736,0.8538938930436607,0.8068314648093885,0.7348360331277992,0.7738327545636008,0.703367459617384,256.8,227.6,227.6,100.8,66.3,237.3,3.78904525,0.9608147000000122
95,0.0,0.3938483007816168,0.8905366961516515,1.136549801787183,0.8072915820901149,1.1180599310859167,1.1745848537979993,0.832821042087272,1.0838073478239019,0.784260961772374,1.2198810449788715,1.1076575309288474,1.117588292927819,1.1764358005261275,153.2,130.8,130.8,79.8,52.4,138.3,3.24271265,0.7822837999999543
96,0.0,0.3938483258578406,0.8905369963948293,1.1365500393172228,0.4943821996099451,1.0093965449811038,1.0775518046248176,0.4684458965855987,1.0854849992839124,0.4845716740864351,1.0683386241744643,1.085384871352896,1.0421395443870163,1.1038974296498612,153.2,130.8,130.8,79.8,52.4,138.3,3.24271265,0.7822837999999543
97,1.0,1.0900143688241781,1.1580928263494346,0.9023198492054956,1.234469774123254,1.1635589993274196,1.0668023001404605,1.2178672321012072,1.1444165868176468,1.2193216805736016,1.1616960974313002,1.0550428619740617,1.1113523358100363,1.0905192255924143,174.5,127.8,127.8,84.4,60.0,143.4,3.28311625,1.047683799999954
98,0.0,1.2735478995025156,1.0326113967680923,1.3058494204626323,1.2247372282247981,1.1991848104726495,1.275180692827026,1.2736980890284093,1.2634443477074488,1.1640562161346755,1.2156551194146283,1.258464294893823,1.1986626991782936,1.2752240981490928,289.9,191.8,191.8,147.1,107.9,224.5,3.4961588,1.3180469999998885
99,0.0,1.2735481448838626,1.0326105391624152,1.3058494634844804,1.2247363487134175,1.1991156158022784,1.2268930167509986,1.273701090842383,1.25866367665319,1.1640556958872361,1.2393405404191378,1.2505173299649923,1.1773177042838734,1.2684946686951384,289.9,191.8,191.8,147.1,107.9,224.5,3.4961588,1.3180469999998885
100,1.0,1.146664297069252,1.2352926357387346,0.9466176596444842,1.3156193932382212,1.2284922595422048,1.1268399296640164,1.2908408084809535,1.2139469689096012,1.2990163077941679,1.2295677530087132,1.1124471160282565,1.1764698670015217,1.0699534451087032,262.6,215.4,215.4,153.7,101.7,231.1,3.519353,1.1881469999999816
101,0.0,0.3938491470559755,0.8905356340809143,1.1365493939332771,0.7532453786893055,1.0240736483793969,1.1745809503092512,0.8260026670898863,1.0833497318002598,0.7879551319980909,1.1394114003112474,1.1352033016074892,1.1175825951243898,1.1661147938588523,153.5,131.1,131.1,80.1,52.5,138.6,3.2427126,0.7821837999999794
102,0.0,0.39384853581433815,0.8905359343200191,1.1365496314082988,0.4943808387552695,1.011823768395458,1.077335595159037,0.4684438642224231,1.0881818472062266,0.4660209248589939,1.0641813137388,1.0859212416856459,1.0418218839073479,1.1141626929992705,153.5,131.1,131.1,80.1,52.5,138.6,3.2427126,0.7821837999999794
103,1.0,1.090011207547713,1.1580938091422592,0.9023195438893147,1.2344721216637566,1.0933640490533703,1.0668188550193722,1.2178653314669112,1.1444820555821746,1.2191056529895425,1.1591755820757712,1.059063183779805,1.1113264347459137,1.0151254396683518,178.2,128.6,128.6,85.2,61.0,145.1,3.28311625,1.047683799999954
104,1.0,1.3880679999741616,1.5028634110406383,1.2325984564546069,1.5771668026417536,1.5139775240901816,1.5340977845299024,1.5481399928265531,1.4855131881340007,1.5632503451340825,1.5241116742795293,1.4341732284557653,1.4634384296959189,1.4008981385159938,109.2,76.7,76.7,64.0,44.9,87.5,6.438777,2.2089340000000606
105,0.0,1.1831955590593035,0.9133576218747148,1.6057204772439653,1.0644652333281948,1.5596616742241607,1.5387128497384197,0.9541195054257615,1.4653902858071228,1.1598079540763453,1.50507589071045,1.5513561120705144,1.4805918657541879,1.5741499904186655,95.4,108.7,108.7,41.7,22.4,104.3,6.4175545,0.528834000000022
106,0.0,0.3938484884573007,0.8905356254471547,1.1365493971677783,0.7846835698317325,1.0213210089046842,1.1745808402350162,0.7898247047147865,1.098897893696569,0.7477855732630498,1.1392106972545344,1.1051777557979638,1.1175827722065104,1.1440935265471865,153.5,131.1,131.1,80.1,52.5,138.6,3.2427126,0.7821837999999794
107,0.0,0.39384851353418315,0.8905359177627779,1.136549634715868,0.4943818671392096,1.00720477799839,1.0759462434770286,0.46844386991141407,1.08597909403536,0.4682418521697576,1.0145020769983426,1.0853923383869293,1.0490059622790637,1.1156875522761627,153.5,131.1,131.1,80.1,52.5,138.6,3.2427126,0.7821837999999794
108,1.0,1.0900112405171287,1.1580937891302927,0.9023195648353529,1.2344721328811548,1.2418193263946675,1.0667656236194645,1.2176890539954994,1.1445896435700171,1.219105656908589,1.1606977355532944,1.0540771599693044,1.1113479551834469,1.015114627376679,178.3,128.6,128.6,85.2,61.1,145.2,3.28311625,1.047683799999954
109,1.0,1.3880680214659997,1.5028634293192895,1.2325984464428725,1.5771667719904565,1.440054617873273,1.5342147937880415,1.5485524789877791,1.4864805206470784,1.563250345692744,1.5193682200247642,1.4111538845107023,1.4636627134265239,1.3611888962851384,109.2,76.7,76.7,64.0,44.9,87.5,6.438777,2.2089340000000606
110,0.0,1.796243139561638,1.651454452207126,1.9999296517947673,1.834653990383144,1.8932543451832557,1.9321665360651312,1.8599828511532444,1.9327337291257214,1.7821914521654734,1.895583645050101,1.9646628826243973,1.8654262157352028,1.9714482571855123,243.4,145.0,145.0,116.0,89.3,177.8,4.1224351,1.712164900000137
111,1.0,2.0455051776870015,2.1094045543091045,1.8873978570529841,2.175975361710773,2.170282539198986,2.080214605345731,2.1848453258059677,2.2720246953532492,2.1763326383179753,2.1571931711234087,2.067958308163161,2.117666202450431,2.0611977611246863,120.3,74.3,74.3,43.5,35.3,89.6,4.014905,1.5875996999998279
112,0.0,2.2608209700692194,2.180795296139009,2.4129365492554378,2.323267691108977,2.338675619793244,2.398487727180803,2.357503331483159,2.3802186787449244,2.2900077400081447,2.3837366602303414,2.413570463625799,2.358493262632112,2.4115616925601127,243.9,145.3,145.3,116.1,89.4,178.2,4.13410035,1.633999700000004
113,1.0,1.5523085568905184,1.6968496316130177,1.4054879179468638,1.7783864282039041,1.7105805978239546,1.6074736128599887,1.747537890661492,1.7176336360396611,-0.15446623350208755,1.713521953208225,1.5946927017495018,1.662884484838867,1.5468770574373985,84.9,49.6,49.6,21.0,19.7,61.4,3.89240225,1.6437177000000007
114,0.0,1.7627595937414835,1.6176420335690538,1.9661176055977185,1.7986474521998088,1.8619868189723308,1.896966095176712,1.8281574982463604,1.895861405110921,1.7468026854229193,1.8796127862224152,1.9355301322736933,1.8302261689090762,1.93618401492844,244.5,146.2,146.2,116.2,89.4,179.0,4.0129823,1.720917700000176
115,1.0,1.6792098701034461,1.796258754293803,1.4061042616920059,1.9140224530820746,1.8013431216892977,1.6560930980434891,1.8842396672730664,1.778509920134926,1.8911784842031514,1.7979105879964166,1.6411794884142326,1.7219931601351812,1.6899844196112597,187.3,121.6,121.6,97.5,71.6,143.5,4.26183925,1.8830999999998168
116,0.0,1.8161056469756538,1.5748287519915605,1.9940107049135205,1.781451058131809,1.8221371718306745,1.8881438429023252,1.8311422171215408,1.8758953641620366,1.717524953949973,1.8522173059287652,1.9285833111152324,1.807732036307186,1.9462660459868608,243.4,145.1,145.1,116.0,89.3,177.9,4.31600005,1.70349999999988
117,1.0,1.552308502661381,1.696851437169649,1.4054880493241901,1.7783858901400509,1.6989394060248668,1.6078508974920647,1.747538269201285,1.6827277755246413,-0.15322047484394777,1.7130085397268084,1.6266544827169158,1.6611725277447777,1.589277964630164,85.0,49.5,49.5,21.1,19.8,61.3,3.89240225,1.6437177000000007
118,0.0,1.7627595072557525,1.6176419455410114,1.966118263313885,1.7986474617603099,1.8615187112493912,1.8969416495535445,1.8281543320275004,1.8958404600783485,1.7468026130626788,1.8600329926555796,1.9306175033472979,1.8300943572522608,1.9364283128931707,243.4,145.1,145.1,116.2,89.4,177.9,4.0129823,1.720917700000176
119,0.0,0.21042303798465015,0.5723009397316094,0.7452587601124543,0.35882449125046767,0.6682205918237929,0.7204393545795215,0.5193364659553437,0.7153601753266494,0.3354003885877944,0.7280711147494552,0.7282606482006564,0.7038951432018429,0.734630284565815,54.4,74.0,74.0,47.3,24.5,67.5,3.3558464,0.8854880999999906
120,1.0,0.685125681225981,0.74221133893707,0.6190129983397765,0.7777256795083021,0.7528549573798863,0.763523428774468,0.7652179536961267,0.7377279503690907,0.7727383555299985,0.7512423954913002,0.6868512584536699,0.7260696497573876,0.6800916224392853,94.6,68.2,68.2,42.5,30.8,77.0,3.390002,0.8851781000000911
121,0.0,0.49268482165460437,0.9824379179159601,1.260380825891342,0.8549170729412118,1.1297613599255634,1.300210849319287,0.9146130642556992,1.212872137982649,0.7763585958737167,1.292982605636163,1.268008948898639,1.2409204156324845,1.2991863396247791,121.9,114.9,114.9,69.9,43.3,117.2,3.381307,0.7342807999999255
122,0.0,0.4926857762409715,0.522558568894917,1.260900587338665,0.612014856141411,1.0838843787897878,1.2069743397045687,0.5853838199330695,1.1836201916311928,0.5862340966846655,1.179106019660863,1.2150954339186786,1.1779464768037953,1.2308295572574497,121.9,114.9,114.9,69.9,43.3,117.2,3.381307,0.7472808000000728
123,1.0,1.207851887607183,1.2823960282302527,1.0208310797278863,1.3577135351359413,1.2913962706109705,1.1936477690305474,1.342027089225506,1.2695930376976976,1.3443395019538376,1.289974013928948,1.1834711740270787,1.2392801831568747,1.1763690763769274,174.1,127.2,127.2,83.7,59.6,142.8,3.42271925,1.1051808000000451
124,0.0,0.3675302052787096,0.42075398525572044,0.5009522122334009,0.3260879486444945,0.49086660535138665,0.468492355530601,0.38121505519851584,0.46646509721950713,0.2950335924656837,0.47286032333165023,0.4840038592555416,0.4429811108943274,0.4799530108958523,66.4,56.3,56.3,53.2,33.9,59.7,1.5188373,0.8252084000000472
125,0.0,0.24327569182449005,0.24712435096845958,0.3981081227460207,0.20320750229747234,0.3745820037428847,0.35285279798751407,0.2587288084876555,0.3520210674813119,0.16811832842793814,0.35986465437215603,0.3661333485395835,0.32148295371169405,0.3660205753906502,66.1,53.2,53.2,49.8,32.5,57.5,1.51513755,0.8086239500000023
126,0.0,0.2117185295407834,0.1833641440498357,0.22111574020847255,0.20246403194090717,0.2080719680219797,0.21429126227126347,0.20777497400020378,0.21253002187489256,0.19700802311067828,0.21357928185107908,0.21887362402491048,0.20770445752455355,0.2189221093351578,8.3,6.8,6.8,5.8,3.8,7.3,1.111022,0.37354529999999997
127,1.0,1.411883756277286,1.926839627859489,1.2807798536165593,1.6992147632803551,1.5119659261640201,1.4864950988833145,1.6480777404574658,1.5664317867575943,1.6746953063024754,1.6090227353306852,1.5145293237022424,1.53789657197981,1.4228887141257007,247.0,147.3,147.3,122.8,93.6,180.5,4.38550875,1.7577911999997262
128,1.0,1.411883756277286,1.926839627859489,1.2807798536165593,1.6992147632803551,1.5119659261640201,1.4864950988833145,1.6480777404574658,1.5664317867575943,1.6746953063024754,1.6090227353306852,1.5145293237022424,1.53789657197981,1.4228887141257007,247.0,147.3,147.3,122.8,93.6,180.5,4.38550875,1.7577911999997262
129,1.0,1.4571635450781852,1.64882800873795,1.3602518894086264,1.7369569113747687,1.5893498243879562,1.5612422050841177,1.687058672868779,1.7143974351065034,1.723109795737648,1.6751831845359668,1.5595547232018976,1.6074108714072584,1.554326020770011,260.7,150.5,150.5,131.4,100.9,187.2,4.4589975,1.4214026000000084
130,1.0,1.4571599150305683,1.6488295364376466,1.3602498237104645,1.736954618033865,1.589495872153162,1.5565617559698823,1.6879053479322805,1.6392355969134698,1.722682340086266,1.6763290778341988,1.516093991539316,1.6067361598210046,1.5450054344782822,260.7,150.5,150.5,131.4,100.9,187.2,4.4589975,1.4214026000000084
131,1.0,1.4118837587601256,1.584551038060489,1.280779853064192,1.6992147672746114,1.5119666773421476,1.486520899039777,1.6480777386705685,1.6538763269161358,1.674588415666783,1.6099918160851268,1.474748751024694,1.651353753453204,1.4743240632912258,247.0,147.3,147.3,122.8,93.6,180.5,4.38550875,1.7577911999997262
132,1.0,1.3880682768631702,1.5028634331827841,1.2325988914265313,1.5771662747455966,1.440600049018549,1.4184676303566583,1.5485524529954662,1.4862051179990792,1.5632509456416461,1.5196100647449289,1.4105232414747815,1.4623959020253794,1.4384057127181484,110.1,76.9,76.9,64.3,45.2,88.0,6.438777,2.2089340000000606
133,0.0,1.1831950630535437,1.2907057908935178,1.6057206227050649,1.0644659083701133,1.378968638450845,1.5377907053601818,0.9541194337841921,1.47304405284095,1.1598094806447432,1.5000793325460018,1.5669058191560206,1.4744889712154878,1.571807209977866,95.6,108.8,108.8,41.7,22.4,104.4,6.4175545,0.528834000000022
134,1.0,1.4118837587601256,1.584551038060489,1.280779853064192,1.6992147672746114,1.5119666773421476,1.486520899039777,1.6480777386705685,1.6538763269161358,1.674588415666783,1.6099918160851268,1.474748751024694,1.651353753453204,1.4743240632912258,247.0,147.3,147.3,122.8,93.6,180.5,4.38550875,1.7577911999997262
135,1.0,1.3880682768631702,1.5028634331827841,1.2325988914265313,1.5771662747455966,1.440600049018549,1.4184676303566583,1.5485524529954662,1.4862051179990792,1.5632509456416461,1.5196100647449289,1.4105232414747815,1.4623959020253794,1.4384057127181484,110.1,76.9,76.9,64.3,45.2,88.0,6.438777,2.2089340000000606
136,0.0,1.1831950630535437,1.2907057908935178,1.6057206227050649,1.0644659083701133,1.378968638450845,1.5377907053601818,0.9541194337841921,1.47304405284095,1.1598094806447432,1.5000793325460018,1.5669058191560206,1.4744889712154878,1.571807209977866,95.6,108.8,108.8,41.7,22.4,104.4,6.4175545,0.528834000000022
137,1.0,1.4118837587601256,1.584551038060489,1.280779853064192,1.6992147672746114,1.5119666773421476,1.486520899039777,1.6480777386705685,1.6538763269161358,1.674588415666783,1.6099918160851268,1.474748751024694,1.651353753453204,1.4743240632912258,247.0,147.3,147.3,122.8,93.6,180.5,4.38550875,1.7577911999997262
138,1.0,1.3880682768631702,1.5028634331827841,1.2325988914265313,1.5771662747455966,1.440600049018549,1.4184676303566583,1.5485524529954662,1.4862051179990792,1.5632509456416461,1.5196100647449289,1.4105232414747815,1.4623959020253794,1.4384057127181484,110.1,76.9,76.9,64.3,45.2,88.0,6.438777,2.2089340000000606
139,0.0,1.1831950630535437,1.2907057908935178,1.6057206227050649,1.0644659083701133,1.378968638450845,1.5377907053601818,0.9541194337841921,1.47304405284095,1.1598094806447432,1.5000793325460018,1.5669058191560206,1.4744889712154878,1.571807209977866,95.6,108.8,108.8,41.7,22.4,104.4,6.4175545,0.528834000000022
140,1.0,2.873506540722285,2.906723945581786,2.677480778954879,2.997205714840222,3.0288593193951643,2.933911612480336,3.0224025510418944,3.057208705889248,2.996050284589775,2.9973687654709,2.9037457875761126,2.945044021117598,2.8865811549577796,599.7,225.9,225.9,233.7,215.0,350.5,6.71238625,1.7532624999999884
141,0.0,0.6420917817229795,0.6029208208091373,1.2401452047864268,0.7065114778994377,1.1401401800466247,1.1891506151386533,0.8415504512643331,1.1779661761516809,0.6690810851657196,1.1706072770169167,1.2183909143912794,1.1480000140784687,1.2148404249230984,121.8,123.0,123.0,97.8,58.4,122.6,4.80745975,1.5152256666666721
142,1.0,1.0561917996772106,1.190636489512212,1.5299963632888547,1.2530777816734873,1.2841612839190157,1.1259427366122012,1.2177507350027137,1.2131207349733222,1.2431472710492217,1.2088045613504617,1.1468055009530804,1.1612711227878827,1.114821849860609,153.5,90.4,90.4,66.4,52.5,111.4,4.8391045,1.5149256666667474
143,0.0,2.1555593995706146,1.793938219185564,2.2403277952665026,2.0631749509693362,2.070486739715456,2.106773445369012,2.123053603171778,2.1429345413399172,1.9802207485551055,2.082362199881643,2.15798994966689,2.021819463247573,2.1669169855154586,227.9,119.7,119.7,42.4,47.1,155.8,5.016153,2.4942469999998904
144,1.0,1.552308502661381,1.696851437169649,1.4054880493241901,1.7783858901400509,1.6989394060248668,1.6078508974920647,1.747538269201285,1.6827277755246413,-0.15322047484394777,1.7130085397268084,1.6266544827169158,1.6611725277447777,1.589277964630164,85.0,49.5,49.5,21.1,19.8,61.3,3.89240225,1.6437177000000007
145,0.0,1.7627595072557525,1.6176419455410114,1.966118263313885,1.7986474617603099,1.8615187112493912,1.8969416495535445,1.8281543320275004,1.8958404600783485,1.7468026130626788,1.8600329926555796,1.9306175033472979,1.8300943572522608,1.9364283128931707,243.4,145.1,145.1,116.2,89.4,177.9,4.0129823,1.720917700000176
146,1.0,2.627867010811932,2.829634225667781,2.201438065957017,3.020481573660869,2.6679571400069673,2.599297268828159,2.963078778655983,2.7950281882107757,2.98287115036768,2.825084390117588,2.5739444481886045,2.7045545878373405,2.6589495526914555,482.1,138.0,138.0,104.9,131.8,252.7,8.60419,3.2978002000001343
147,0.0,2.985682600321445,2.608415681524726,3.3371373722713797,2.9897067300152824,3.0798293535110006,3.155262573880353,3.0518049366546554,3.17478299347118,2.875618095357844,3.1101349933091993,3.226897828654928,3.015471860843204,3.2440316257237485,532.6,205.0,205.0,163.2,163.4,314.2,8.91,3.672900199999882
148,1.0,1.491933015647702,1.4881813552519223,1.316222091222893,1.5481637823961765,1.4788133758516806,1.458912444634107,1.5645474550924643,1.5005382153523523,1.540823567522269,1.5207719059119327,1.4525192518348673,1.4871405487662919,1.4637484791740414,129.5,103.2,103.2,69.6,47.0,112.0,5.98919225,1.4619694999998893
149,0.0,1.5214337189039635,1.4160751553637878,1.5741183667407814,1.3531426354047362,1.474810097093857,1.551282762467743,1.2605787596683857,1.5453401915789395,1.299522881133569,1.5465234941615662,1.5579976539610891,1.531970259936922,1.5795394955307385,114.5,97.8,97.8,63.5,41.4,103.4,5.992671,0.9556694999998792
150,1.0,1.388068277021887,1.5028634333975504,1.2325988913293942,1.5771662746499946,1.4420501726179498,1.4184676325390204,1.5481396317941807,1.5222304499293648,1.5642195864072448,1.517523165848391,1.4350175751168603,1.4638365522250734,1.3998234998964005,110.1,76.9,76.9,64.3,45.2,88.0,6.438777,2.2089340000000606
151,0.0,1.1831950630020933,0.9412318710039144,1.605720622550792,1.0644682147049418,1.5620051520077636,1.5363929067894408,0.9541194337965654,1.3787085367980607,1.1598083486568145,1.5171709592032758,1.5640908808582983,1.4820440385714706,1.5697898760294622,95.6,108.8,108.8,41.7,22.4,104.4,6.4175545,0.528834000000022
152,1.0,1.5633263058452926,1.688583034003397,1.941206032759909,1.7253151825504442,1.6769789026215158,1.605397795992985,1.708316616486827,1.6908012593406305,1.7285632876290755,1.7036636075034337,1.6069887207800648,1.7104394074668239,1.5927329557541254,88.4,74.4,74.4,44.5,29.5,79.1,6.5803945,1.5551909999998523
153,1.0,0.983222687730083,1.0905888612458292,0.9083378170390437,1.1402992145736393,1.0540037844258208,1.0364348755187638,1.1158483491413862,1.1326554779325706,1.1337820184934904,1.1048348963659038,1.0498599269224167,1.0668044551355274,0.9982024930429259,122.9,92.9,92.9,45.1,33.1,102.9,2.849995,1.0948950000001005
154,0.0,0.4558261974596847,0.5799354061259538,1.0973769150125208,0.6949958574445738,0.8941625655753072,1.1762903814218746,0.6648856929145301,0.9453242580993575,0.6453961164019386,1.1002544061442954,1.0918500637119364,1.056988135856088,1.0899544159029946,70.7,72.2,72.2,29.5,17.4,71.7,3.54629975,0.7481102999999747
155,1.0,0.9253137205765855,1.0340743288174148,0.9091574068950391,1.0677051934695079,1.0674294143412306,1.0855569747116511,1.0465786074567007,1.0410902091485632,1.0678547330969177,1.0602109048958537,1.0237538969229958,1.0333938025685405,1.0022131044330047,104.3,57.9,57.9,27.7,25.9,73.4,3.57997975,0.7409902999999884
156,1.0,0.9174973757827521,1.0522944413196438,0.8795901330246229,1.105053418475997,1.0185778623378914,0.9974191795036877,1.069766920908241,1.0503116045990024,1.098140793372805,1.0676193056384526,0.9944241819597629,1.028392141240009,0.99217841918778,113.8,61.7,61.7,31.2,29.1,79.1,2.6459795,0.6624203999998923
157,1.0,0.9174973757827455,1.0522944413196462,0.879590133024718,1.1050534184758118,1.0740840042250264,1.0991999858914165,1.069766920908262,1.0503115987581695,1.098022846325564,1.0696379906434574,0.9743234777540286,1.0283933878011802,0.9619347007800552,113.8,61.7,61.7,31.2,29.1,79.1,2.6459795,0.6616703999999669
158,1.0,1.0133783247598045,1.1129749506974103,0.9017685867143719,1.1705339871183618,1.057910873550791,1.0371076762966358,1.1443594930342034,1.1502653945961037,1.1605168681049804,1.1160032424159696,1.0385214437554866,1.073948851817747,0.9944618037573006,187.9,157.8,157.8,42.6,31.6,167.8,3.93000225,0.9925976999999886
159,0.0,0.9105589370617233,1.0051663080061572,1.810417758443656,1.1285020692288792,1.5171214305899927,1.770763057156698,1.001948352168337,1.746877102645531,1.0997048931447075,1.8156353450856022,1.794281044898778,1.7809741549577807,1.7796286447321201,137.6,149.8,149.8,81.9,46.7,145.7,3.50224265,1.3925176000001183
160,1.0,1.5736424851560937,1.753660585526606,2.1938752860349524,1.8232574587404122,1.7924167346109807,1.824197334965654,1.7866486562618313,1.9488851092802473,1.8167445155232171,1.7872122694405388,1.6841741728968063,1.913025961981507,1.6778076317037938,174.4,123.7,123.7,78.5,57.2,140.6,3.5399825,1.2757175999998789
161,0.0,1.7015409409127031,1.4295339498359851,1.8622133435582793,1.6627863287183988,1.6933033111212088,1.7462044112045487,1.7232266754061174,1.76563078709976,1.5887102304091236,1.6797181444667355,1.7836506661383313,1.665567197743551,1.8061220312034922,231.3,136.7,136.7,117.8,89.6,168.2,4.28999825,1.6736016999998151
162,0.0,2.4763975319340736,2.1428435322657227,2.769441402864676,2.45383827022197,2.530848049507049,2.6057981491198996,2.50341344106013,2.6014520714419316,2.3605557363102063,2.660740456235566,2.663577783284972,2.485841291703457,2.6811031497345477,456.3,167.4,167.4,115.3,127.0,263.7,6.810004,2.9530961999998953
163,1.0,2.3148308478750663,2.4624527174530764,1.9169465010810514,2.6199006686723183,2.3184020936216343,2.2542138913756307,2.5781826677929733,2.4402915712015516,2.58838236063813,2.4474997589633305,2.202058665669311,2.342556678375935,2.149185831172833,177.9,115.9,115.9,77.7,59.0,136.6,6.656086,3.100296200000007
164,0.0,0.1497405508880096,1.0953253246801524,2.0582414727373375,1.3102594272348804,2.0087127008689913,2.0487616831964326,1.4345017379887743,1.923577441022092,1.1440930037665604,2.0249669455659,2.0857896304239603,1.9317696310242016,2.0953997978551615,42.7,115.8,115.8,93.3,41.4,91.4,4.36705725,1.892308000000023
165,1.0,1.8821149360174416,2.0713127699278524,2.631175615923845,2.1618475008623306,2.1322258270337096,2.168335332474368,2.126357155548508,2.1684548348173602,2.154194870803872,2.1196149852691084,2.0343268876274045,2.1660054795022736,1.992719332875377,248.7,147.6,147.6,126.2,95.9,181.3,4.449992,1.7042079999999462
166,1.0,0.3853056071213554,0.42636049199816217,0.3473859867988978,0.4465735109711719,0.4067807626107916,0.3996610182555222,0.4362511812147446,0.42139034389018937,0.44345096586274385,0.4281883805115522,0.399082897700103,0.41323957108828585,0.3835405405054789,49.7,42.3,42.3,14.8,10.4,44.8,2.01999605,0.5900639000000893
167,1.0,2.079120054281532,2.271061043199813,2.009454186403649,2.3410623419126195,2.321343346923414,2.221504461568307,2.302460533329074,2.3091856210160464,2.3345485641536423,2.3114994000701263,2.213187530105206,2.2746776999939278,2.1606537939632746,246.7,200.5,200.5,55.7,42.7,215.9,3.91041825,1.2434418000000087
168,1.0,1.7426026941636945,1.9148333941677993,1.786405738434332,1.89820582991492,1.9308943966622552,1.9104148505145992,1.8940653340329665,1.9266395250340462,1.8938417339627271,1.9622475230833443,1.9105070570960774,1.9276449555901105,1.8815132965455528,295.2,156.5,156.5,102.1,89.0,202.7,1.74907115,1.1190196000000103
169,0.0,1.2866282927221522,1.5139476930659657,1.9246542448237116,1.519442977071798,1.8553489087763808,1.93032129958021,1.6700819889560645,1.852779593372978,1.6036383051203187,1.8874995151150342,1.9380351076721487,1.8738129914158865,1.9340529477051684,39.5,116.6,116.6,83.7,34.8,90.9,1.7311204,1.230279600000026
170,1.0,1.6357062804347946,1.8035240278110942,1.518003913170814,1.8831880850902105,1.8384015110132021,1.7259993378547962,1.846605658654998,1.918054328351335,1.871747189372187,1.8286089010744262,1.7119995351314403,1.7727510271228475,1.7045780645125055,236.6,177.0,177.0,72.1,55.2,196.9,3.909996,1.5486338999999711
171,1.0,2.182973949862697,2.4025769204755916,2.080449339930976,2.491624250028226,2.465919238378894,2.3321685358850064,2.4477111608430673,2.4069190941138543,2.4853724622859046,2.452966069497155,2.315255577106299,2.389767506532189,2.2584376673030047,358.6,261.4,261.4,78.3,66.4,293.8,5.7699605,1.5303394999998794
172,0.0,1.2046831020103983,1.311674334181134,1.583814952773176,1.2954063861454908,1.501507714929191,1.529829067849328,1.4227984247139684,1.5417721018810326,1.233187688071722,1.550846107899424,1.5739617326213495,1.4875132243588762,1.5944540112175285,116.3,108.1,108.1,77.4,48.1,110.8,4.85018165,1.3511903333333448
173,1.0,2.78673816500006,2.974401603322652,2.302057395890656,3.16867149066314,2.9567987084327974,2.714540917813134,3.113759683389627,2.944507479941771,3.1264227803016578,2.9544555399735075,2.641170483145123,2.8227402832028234,2.585002346234705,216.7,138.5,138.5,98.6,74.8,164.6,8.59694275,3.7419061999997503
174,0.0,2.985781773658891,2.5576139922527656,3.323388430499574,2.9395297877837674,3.0244429933041292,3.1190868537191334,3.0353285967623127,3.120041079786091,2.8231286031485077,3.122938247652073,3.189130008618316,2.974426448893744,3.2091396717433835,519.9,202.2,202.2,159.0,158.9,308.1,8.759994,3.575706200000088
175,1.0,1.3779545238477429,1.508439388613795,1.2601099488202276,1.6050956801876157,1.4788793449672222,1.4440647198485812,1.5495475732062656,1.5390389179963109,1.5696010217253928,1.556789842971592,1.4314403079078664,1.4990642752468564,1.426718825919183,103.8,77.2,77.2,45.1,32.4,86.1,6.35176775,1.8190470000000625
176,0.0,1.2816942515649083,1.2973845971267377,1.5680834349570347,1.3211003053579453,1.5799177979744186,1.5146753295605264,1.246709367418673,1.526542294123314,1.3046451503525034,1.534859501220981,1.5502343892999848,1.505027556962776,1.5568763095005127,114.8,102.6,102.6,64.6,41.2,106.7,6.34202,1.449746999999996
