,Potential,Element,1_0_0 surface energy,1_1_0 surface energy,1_1_1 surface energy,2_1_0 surface energy,2_1_1 surface energy,2_2_1 surface energy,3_1_0 surface energy,3_1_1 surface energy,3_2_0 surface energy,3_2_1 surface energy,3_2_2 surface energy,3_3_1 surface energy,3_3_2 surface energy,c_1_1 elastic constant,c_1_2 elastic constant,c_1_3  elastic constant,c_4_4  elastic constant,Shear modulus,Bulk modulus,Cohesive energy,Vacancy formation energy
0,Ag.eam.alloy,Ag,0.948561894309852,1.0241355577127937,0.8649254041607916,1.070157880978304,0.9980818333704972,0.9809014833740319,1.0551431125093713,1.043093284868875,1.0646180948481327,1.0380667770745888,0.975697089221395,1.00758041190243,0.9713394447539859,124.2,93.9,93.9,46.4,33.9,104.0,2.85,1.1019700000000738
1,Al03.eam.alloy,Al,0.6044814315114068,0.7864986347292046,0.5934390693273982,0.8428200731270448,0.7536610313833361,0.7299731249253232,0.7893706818916691,0.8130838154811513,0.8316447460690666,0.8146123644904344,0.723915120778089,0.7724269823634649,0.7174876018852182,116.8,60.1,60.1,31.7,30.4,79.0,3.36,0.7074999999998819
2,Al03.eam.alloy,Al,0.6044814315114018,0.7864986347291792,0.5934390693273706,0.8428200731267484,0.8201136704789084,0.7300037061986756,0.7893706818916041,0.825850509943672,0.8348788521932868,0.8146309273492133,0.723737274023927,0.8479283636253636,0.7174733487592435,116.8,60.1,60.1,31.7,30.4,79.0,3.36,0.7069200000000957
3,Al99.eam.alloy,Al,0.9489172391049876,1.0130935148920028,0.874775844693407,1.0530301234671342,0.998492212796583,1.0576753835837538,1.0424162452183796,1.0188682323732328,1.0506918283329085,1.033424836250851,0.962352013010997,1.006455475357917,0.9739852653314485,113.8,61.6,61.6,31.6,29.4,79.0,3.36,0.6737299999999915
4,AlCu.eam.alloy,Al,0.5840378854592232,0.6308101753377927,0.5259760957321594,0.6622803855698065,0.608787249238352,0.5990464463332337,0.6516495851242399,0.6274838582041911,0.6571844763540299,0.6370029518469609,0.5952373930641895,0.6159994712358324,0.5930589993638701,90.1,70.7,70.7,33.1,23.7,77.2,3.31831725,0.717002799999956
5,AlCu.eam.alloy,Cu,1.260764869064518,1.3606125465395988,1.169974749874266,1.4160555365497354,1.3337967190868616,1.3124321583077658,1.3990603951416738,1.3565943550786808,1.4107804567854136,1.3813396344182383,1.3034562933164258,1.3430841352918261,1.271137308946186,168.3,127.0,127.0,75.1,53.3,140.8,3.52456775,1.2742323000000284
6,alpb-setfl.eam.alloy,Al,0.9522937411056818,1.0442448608099661,0.8810140569610289,1.0865860933981262,1.0706035672958705,1.004251840927992,1.068335291458991,1.056792532152032,1.0851759323838917,1.064483593800955,1.0010072194144228,1.0342971974758306,0.9677775153453553,107.9,56.9,56.9,32.9,29.9,73.9,3.35928,0.6720199000001013
7,alpb-setfl.eam.alloy,Al,0.9522937411057019,1.0442448608099215,1.339422304251177,1.0865860933979332,1.070715483603472,1.0042159953218301,1.0683352914591084,1.0969730647308351,1.0851759323837824,1.0648003592004587,1.0150043847153016,1.148812447290375,0.9931087699699134,107.9,56.9,56.9,32.9,29.9,73.9,3.35928,0.6716299000000627
8,alpb-setfl.eam.alloy,Pb,0.5697556852740807,0.6599558403209101,0.5795400677840327,0.6648304157521322,0.6676499387349697,0.6393766691043665,0.6363769501234844,0.6448578414626429,0.6686590481511037,0.6655762611948699,0.6310909272614734,0.6510857057000212,0.6349720582502527,44.0,36.7,36.7,7.2,5.8,39.1,2.030003925,0.30718610000007773
9,Al_zhou.eam.alloy,Al,0.8690930258494773,0.9578238501356023,0.8325724288085857,0.9924831429574675,0.9870897770265173,1.00311576035621,0.9771257044092767,0.9625015211756706,0.9914059909183353,0.9809935036651166,0.9131210744057997,0.9558198404166306,0.9040783164923356,127.1,81.4,81.4,36.4,31.0,96.6,3.57999875,0.7150713000000097
10,Au-Grochola-JCP05.eam.alloy,Au,1.3058269228050285,1.5436253649960934,1.1937097757496518,1.6171325438894104,1.5316971947929625,1.5669915926560203,1.5537870357754524,1.504888387486088,1.6026601851941662,1.5455053104107213,1.4404830177608188,1.4912568789892258,1.3925884970621116,201.6,169.5,169.5,46.0,34.0,180.2,3.924218,1.1283520999999461
11,CoAl.eam.alloy,Co,1.1913920807365581,1.3354156723178667,1.79565385227185,1.4424072327902528,1.3383868065941278,1.3685201725210732,1.3955587541334011,1.4968649898544195,1.417359524705614,1.333432453661863,1.191864644841406,1.4885184866333483,1.1872955001035852,236.5,165.7,165.7,148.9,103.5,189.3,4.383116,1.437567649999873
12,CoAl.eam.alloy,Al,0.8616990527483612,0.9688876717511617,0.8297307851825951,1.009581236806626,0.9450678996099726,0.9341751970248515,0.9842189314422274,0.9660210317705443,1.0053644784232778,0.986780011863659,0.949174008937998,0.9583178390728817,0.9271637579464186,95.5,78.5,78.5,19.1,14.9,84.2,3.368458,0.631641999999975
13,CoAl.eam.alloy,Al,0.861699052748544,0.9688876717515764,0.8297307851827475,1.009581236807025,0.9445907327723153,0.9341593975154572,0.9842189314419918,1.058166642083968,1.0052080824136231,0.9878625628241876,0.9474224859027548,0.955669484673724,0.927168369262457,95.5,78.5,78.5,19.1,14.9,84.2,3.368458,0.631542
14,Co_PurjaPun_2012.eam.alloy,Co,2.4866478615939136,2.6125950771865547,2.3337023399950962,2.6968369073812344,2.7530008242835797,2.633052793813552,2.729626710197229,2.8354234354094228,2.7169251333398337,2.7400210901510977,2.608758150294027,2.683607814717123,2.5988657910615403,275.8,159.0,159.0,108.2,88.3,197.9,4.3848785,1.553545699999809
15,CuAg.eam.alloy,Cu,1.355675333565133,1.4854039787953766,1.2431609028620132,1.5542163493689745,1.5135276343074473,1.4173260642931564,1.5290361345466452,1.5481159557558752,1.5455893991512497,1.507220771765835,1.4073129223333336,1.455956770280903,1.4029731598610244,169.9,122.6,122.6,76.2,55.2,138.4,3.54,1.271999999999898
16,CuAg.eam.alloy,Ag,0.9485618942053611,1.0241355563888779,0.8649254038181272,1.0701578808631753,0.9963205800656952,1.0581215538430582,1.0551431125350292,1.0213230420775268,1.064860099066223,1.039985018655366,0.9763116235687258,1.0075828611584916,0.9466539021522781,124.2,93.9,93.9,46.4,33.9,104.0,2.85,1.1019700000000738
17,cu_ag_ymwu.eam.alloy,Cu,1.0246688115434615,1.1359269814439528,0.9308146160512007,1.192430406345546,1.1540335201688636,1.073913751302629,1.1653287714860956,1.1282515308626657,1.18482095131372,1.1486857447497478,1.0650855621054702,1.1103797080462492,1.0302981841125942,119.4,89.9,89.9,49.7,35.7,99.7,3.3206665,0.8419335000001111
18,cu_ag_ymwu.eam.alloy,Ag,0.9486069197798981,1.0241431964989152,1.2869155247669009,1.070145625733081,1.0434116090105847,0.9809581099105528,1.055114823287281,1.0663648686203688,1.0646031155855147,1.0383984723896578,0.9771223110768098,1.1138447904232762,0.9706489115745895,115.8,88.2,88.2,44.3,32.1,97.4,2.849997,1.1020530999999858
19,Cu_mishin1.eam.alloy,Cu,1.3557417737889432,1.72626615422188,1.2432218463346723,1.5543049982977144,1.4405995400781417,1.4172181307685003,1.5291190204950074,1.479407253719238,1.545675932067995,1.5102394668193073,1.405186518752621,1.4583924976216545,1.3661438788489166,169.9,122.6,122.6,76.2,55.2,138.4,3.54021825,1.2719816999998481
20,Cu_mishin1.eam.alloy,Cu,1.3557417737891229,1.4854901844002857,1.8704904491624157,1.5543049982973358,1.5123457042230408,1.4172089657954816,1.528482096028843,1.4793356631156345,1.545965925821849,1.5095392791212605,1.3790806255010997,1.4583856509714108,1.4418209596530855,169.9,122.6,122.6,76.2,55.2,138.4,3.54021825,1.2719817000000755
21,Cu_zhou.eam.alloy,Cu,1.51805453971841,1.6472245231060694,1.4497967436899724,1.708111646559806,1.6347719248214063,1.612223191547694,1.691597824171588,1.7245541845534011,1.7056170400687953,1.6898302001612986,1.6044950586393394,1.6420602706080245,1.5989277897073948,180.4,117.1,117.1,70.7,55.1,138.2,3.5398035,1.3198965000002025
22,Farkas_Nb-Ti-Al_1996.eam.alloy,Ti,0.8974532346932842,1.0452575301457352,0.7952145339281483,1.104985044383507,0.9741638536000958,1.0572404185158262,1.0572934257228794,1.0337560517814313,1.0918373824366,1.046029008837929,0.9505508371706417,0.9928647370436391,0.9805003515175084,132.6,94.5,94.5,74.0,52.0,107.2,4.82743075,1.5447510000000655
23,Farkas_Nb-Ti-Al_1996.eam.alloy,Al,1.537842186794204,1.6367782653712017,1.4434587342651013,1.6897284454936607,1.675501371016253,1.6004242547750953,1.6775386742502734,1.7033962263268285,1.686886875780017,1.6666296085760908,1.5901857975566112,1.697138993751699,1.584000597559068,181.0,123.6,123.6,50.8,42.0,142.7,3.206348,1.1672718999999598
24,FeCuNi.eam.alloy,Cu,1.3557417740966808,1.485490184724898,1.2432218463519822,1.554304998464377,1.512530108742958,1.4171188739854443,1.529119020991466,1.5136889409229684,1.5456759325069986,1.5074795019947966,1.4086350620910002,1.4593555755517476,1.3653921888341352,169.9,122.6,122.6,76.2,55.2,138.4,3.54021825,1.2719817000000755
25,FeCuNi.eam.alloy,Ni,1.7642578407944312,1.9866178791592608,2.5570886855369466,2.0940133645677528,2.0249874120097586,2.060561573906443,2.0419176205978258,2.0780141722291354,2.077222850213726,2.0163169882728704,1.8659431292442537,2.064587717283096,1.856102449590873,244.2,148.5,148.5,125.5,94.4,180.4,4.4502615,1.5598383999999657
26,FeNiCr_Bonny_2013_ptDef.eam.alloy,Fe,1.7946681182313733,2.0935184054563916,1.7849336606822142,2.178547830974759,2.1320750586083443,1.998482448706012,2.0983704258983096,2.080681592626134,2.1660893695842023,2.137194041784152,2.043279453831071,2.0539785503039956,1.9880854591341632,154.0,122.0,122.0,77.0,52.6,132.7,4.39964725,1.9900060000001343
27,FeNiCr_Bonny_2013_ptDef.eam.alloy,Ni,1.8371657631235523,1.948104495039953,2.409814284574964,2.013205123079774,2.026139907546378,2.054945075359688,2.0046270140634452,2.0872586532478006,2.0127315256470166,2.010766470459833,1.9317057375090008,2.0461365943487406,1.926245410630636,247.1,144.2,144.2,107.6,85.1,178.5,4.448659,1.3904409000001436
28,FeNiCr_Bonny_2013_ptDef.eam.alloy,Cr,2.368065344655822,3.249409977344443,3.68989639048871,2.814519237832506,3.5824836825580473,3.6563663363184635,2.878152356051999,3.57292095237228,2.879708572535932,3.6307270771635025,3.6341650861340087,3.675697820053598,3.631196197278798,245.5,173.4,173.4,36.0,103.4,197.4,4.20010395,2.2901511999999036
29,FeNiCr_Bonny_2013_ptDef.eam.alloy,Cr,2.3712537473076067,2.4981025004587782,2.30529601322547,2.5784827421527647,2.5742032395577445,2.6154316486271796,2.5713518698088373,2.5309232698631554,2.5766866592857425,2.5622845926296707,2.4788747025539664,2.5094232467918216,2.479201789484778,245.5,173.4,173.4,148.4,103.5,197.4,4.200104,2.289651200000029
30,FeNiCr.eam.alloy,Fe,1.6269179125356024,1.7867072418440593,1.6138183160899717,1.8705114148218567,1.7892670382677665,1.7593260487809206,1.847403830113819,1.8030687569349582,1.8613403257285575,1.8421018195088006,1.7623905005579894,1.7928460205745669,1.763264656805648,141.1,100.3,100.3,108.2,73.1,113.9,4.1166315,2.052563799999991
31,FeNiCr.eam.alloy,Ni,0.7745337937929243,1.033977595928437,0.6891119968976949,1.1329986666229157,0.9191510421281938,0.884780905936832,1.0464866785814597,0.9991805614202873,1.1070918370751883,1.0301113517564537,0.8353522062640859,0.9461936861845069,0.8746998331313809,246.9,147.1,147.1,125.0,95.0,180.4,4.44974225,1.4814577999999896
32,FeNiCr.eam.alloy,Cr,1.5020129179161015,2.099006387926105,1.396975226612135,1.8613248594611884,1.7723653147731218,1.622223395578232,1.7912326988056413,1.7783131163888737,1.842473728495469,1.7708538561525942,1.6124683317185555,1.6865678624911395,1.5514345110642327,247.3,182.5,182.5,145.5,100.3,204.1,3.6902895,2.2242897000002984
33,FeNiCr.eam.alloy,Cr,1.5020129179166741,1.7540361708244956,1.3969752266120363,1.8613248594570138,1.663735838331899,1.622221835787058,1.7918395601590107,1.7356804304529863,1.843227654909941,1.7679798792635903,1.6124683312749024,1.6865678999169704,1.5514345110469447,247.3,182.5,182.5,145.5,100.3,204.1,3.6902895,2.224389700000046
34,Fe-Ni.eam.alloy,Ni,1.7642578407944312,1.9866178791592608,2.5570886855369723,2.0940133645677528,2.024987412008672,2.060561573906443,2.0419176205978258,2.0780141722291923,2.077222850213726,2.0163169882728704,1.8659431292442537,2.06458771728626,1.856102449590873,244.2,148.5,148.5,125.5,94.4,180.4,4.4502615,1.5598383999999657
35,mg-al-set.eam.alloy,Al,0.957162500809304,1.0489307350573531,0.8835005331900835,1.0911803428139373,1.0740353007882053,1.0077574433281302,1.0733393729352279,1.0997146642484954,1.0896291865931451,1.068986037019102,1.0020012630858979,1.152689492796162,0.9962220293313931,118.0,62.2,62.2,36.7,33.2,80.8,3.36005275,0.6872273000000009
36,Mishin-Al-Co-2013.eam.alloy,Al,0.9489285467763832,1.0131042551581362,1.2765012360920518,1.053040642667437,1.0416110001465515,0.9828171478012127,1.0424274698121878,1.0203773796986995,1.0507016804208478,1.0328472589997957,0.9617563996135784,1.0064712845041064,0.9514729463167413,113.8,61.5,61.5,31.6,29.4,78.9,3.36,0.673749999999941
37,Mishin-Al-Co-2013.eam.alloy,Co,2.4866478508711887,2.6125949565906743,2.33370228681695,2.6968368663848707,2.6707129951047914,2.632489689579148,2.729626635355135,2.6530673777471327,2.716924988315485,2.7276935255654533,2.5719275556927736,2.683834791380728,2.597942883992017,275.8,159.0,159.0,108.2,88.3,197.9,4.3848785,1.5535455999998096
38,Mishin-Ni-Al-2009.eam.alloy,Ni,1.9450488705261864,2.0967801580526766,1.7628953956745999,2.1963554052149914,2.1414951859411926,2.0100013809591726,2.1724631404295707,2.147755327515828,2.1852353220075824,2.132574524421388,1.993071021440225,2.1780030076479564,1.986847633328811,241.3,150.8,150.8,127.3,94.5,181.0,4.45,1.5712000000001352
39,Mishin-Ni-Al-2009.eam.alloy,Al,0.9489285872351557,1.0131042489689868,1.2765012319971065,1.0530406578626677,0.9991230601174483,0.982809759243548,1.0437877086192544,1.058994546218632,1.050701657775353,1.0333528542794255,0.9948583675000053,1.0036229756131003,0.9739952767552666,113.8,61.5,61.5,31.6,29.4,78.9,3.36,0.6744999999999801
40,Mishin-Ni-Al-2009.eam.alloy,Al,0.9489285872351491,1.0131042489689923,0.8747859129377701,1.053040657862464,0.999123060196257,1.0577007978917676,1.042427437070653,1.0188323113443611,1.0504142179712952,1.0334591325071494,0.9768803256021441,1.006482307613567,0.951598358970189,113.8,61.5,61.5,31.6,29.4,78.9,3.36,0.673749999999941
41,Mishin-Ni-Al-Co-2013.eam.alloy,Ni,1.9450488584585424,2.0967801820405705,2.9205664485589375,2.1963554108830032,2.2479862092750995,2.1737930558340826,2.1724631181746514,2.2460717430262664,2.185158333227674,2.1328776960545164,2.0322288822883223,2.2904753881015374,2.0409922933527036,241.3,150.8,150.8,127.3,94.5,181.0,4.45,1.5712000000001352
42,Mishin-Ni-Al-Co-2013.eam.alloy,Al,0.9489285523612236,1.0131042674886317,1.2765012331403405,1.053040644435857,1.0886502818473858,0.982801408417449,1.0424274695587,1.0404311783534168,1.0507016779611698,1.033298535886504,0.9786388492680326,1.006454123671156,0.9725422389814504,113.8,61.5,61.5,31.6,29.4,78.9,3.36,0.6744999999999801
43,Mishin-Ni-Al-Co-2013.eam.alloy,Al,0.9489285523612236,1.0131042674886317,1.2765012331403387,1.053040644435857,0.9982718539485372,0.982801408417449,1.0437877311133141,1.0404311784398248,1.0507016779611698,1.0333763412106174,0.9764687777368117,1.056525487176666,0.9515546819089562,113.8,61.5,61.5,31.6,29.4,78.9,3.36,0.673749999999941
44,Mishin-Ni-Al-Co-2013.eam.alloy,Co,2.4866478839061523,2.612594978676969,2.33370232686929,2.6968368511115886,2.752519050471457,2.7759325609570618,2.7296266655834343,2.653242376297524,2.7169249917656972,2.73254394115507,2.6426260016485417,2.6844674361978464,2.5449217361102923,275.7,158.9,158.9,108.2,88.3,197.8,4.3848785,1.5535455999998096
45,Mishin-Ni-Co-2013.eam.alloy,Ni,1.9450488584585424,2.0967801820405705,2.9205664485589375,2.1963554108830032,2.2479862092750995,2.1737930558340826,2.1724631181746514,2.2460717430262664,2.185158333227674,2.1328776960545164,2.0322288822883223,2.2904753881015374,2.0409922933527036,241.3,150.8,150.8,127.3,94.5,181.0,4.45,1.5712000000001352
46,Mishin-Ni-Co-2013.eam.alloy,Co,2.4866478839061523,2.612594978676969,2.33370232686929,2.6968368511115886,2.752519050471457,2.7759325609570618,2.7296266655834343,2.653242376297524,2.7169249917656972,2.73254394115507,2.6426260016485417,2.6844674361978464,2.5449217361102923,275.7,158.9,158.9,108.2,88.3,197.8,4.3848785,1.5535455999998096
47,Mishin_updated-Al-Co-2013.eam.alloy,Al,0.9489285536761021,1.0131042733896012,0.8747859324267065,1.0530406449855039,0.9982404382790862,0.9829213257788666,1.042427469427543,1.0404177113785924,1.050414235075358,1.0337059169697291,0.9779075271576728,1.0064732660334375,0.9725432169594823,113.8,61.5,61.5,31.6,29.4,78.9,3.36,0.673749999999941
48,Mishin_updated-Al-Co-2013.eam.alloy,Co,2.4866479099293226,3.0429143157337544,2.333702270835959,2.696836879612481,2.6707345569669028,2.6341543367471907,2.729626656642001,2.6532264784337434,2.716924994924329,2.7320379990545387,2.6094140418084124,2.6841852018934595,2.543528671296829,275.8,159.0,159.0,108.2,88.3,197.9,4.3848785,1.553550649999809
49,Mishin_updated-Ni-Al-Co-2013.eam.alloy,Ni,1.945048876301011,2.096780159882525,2.641541035429335,2.196355409487726,2.0474281300448065,2.173701494172876,2.170329207507106,2.103681032269219,2.1851583246948336,2.1329524245003286,2.0334655881817363,2.0683109471143224,1.9869743327824498,241.3,150.8,150.8,127.3,94.5,181.0,4.45,1.5712000000001352
50,Mishin_updated-Ni-Al-Co-2013.eam.alloy,Al,0.9489285536761021,1.0131042733896012,0.8747859324267065,1.0530406449855039,0.9982404382790862,0.9829213257788666,1.042427469427543,1.0404177113785924,1.050414235075358,1.0337059169697291,0.9779075271576728,1.0064732660334375,0.9725432169594823,113.8,61.5,61.5,31.6,29.4,78.9,3.36,0.673749999999941
51,Mishin_updated-Ni-Al-Co-2013.eam.alloy,Co,2.4866479099293226,3.0429143157337544,2.333702270835959,2.696836879612481,2.6707345569669028,2.6341543367471907,2.729626656642001,2.6532264784337434,2.716924994924329,2.7320379990545387,2.6094140418084124,2.6841852018934595,2.543528671296829,275.8,159.0,159.0,108.2,88.3,197.9,4.3848785,1.553550649999809
52,Mishin_updated-Ni-Co-2013.eam.alloy,Ni,1.945048876301011,2.096780159882525,2.641541035429335,2.196355409487726,2.0474281300448065,2.173701494172876,2.170329207507106,2.103681032269219,2.1851583246948336,2.1329524245003286,2.0334655881817363,2.0683109471143224,1.9869743327824498,241.3,150.8,150.8,127.3,94.5,181.0,4.45,1.5712000000001352
53,Mishin_updated-Ni-Co-2013.eam.alloy,Co,2.4866479099293226,3.0429143157337544,2.333702270835959,2.696836879612481,2.6707345569669028,2.6341543367471907,2.729626656642001,2.6532264784337434,2.716924994924329,2.7320379990545387,2.6094140418084124,2.6841852018934595,2.543528671296829,275.8,159.0,159.0,108.2,88.3,197.9,4.3848785,1.553550649999809
54,newPP1_47-setfl.eam.alloy,Ta,1.8792727930252064,1.9800317593289265,1.598281128511287,2.1017149885460267,1.8917310749882161,1.8428944505914746,2.077178664655734,1.967783216256727,2.0781990142807376,1.9844507723718663,1.8317906812827696,1.904597866708892,1.7713274009137714,298.2,230.5,230.5,67.7,54.2,253.1,7.95151725,2.791699900000161
55,Ni99.eam.alloy,Ni,1.8874106367602488,2.0582748354116767,1.6329348986349699,2.1808222114953346,2.081171552956578,1.9178604643409611,2.1435331088680205,2.0441967699498775,2.1613459032857465,2.073165400800888,1.9452549825925791,1.9921539158073585,1.8911796526001583,247.9,147.8,147.8,124.8,94.9,181.2,4.45,1.5993999999998776
56,NiAl02.eam.alloy,Ni,1.2535047559099075,1.4828917115031677,1.0634886203742409,1.5940357992644751,1.3644176226929206,1.320103602548335,1.523195897870603,1.4381717527270377,1.5705447178087075,1.4723957515946877,1.3042171689115662,1.392299204419697,1.2963059425536658,635.1,315.7,315.7,136.1,145.5,422.2,4.50133525,0.563464800000105
57,NiAl02.eam.alloy,Al,1.0165582759413685,1.1180169946871767,1.4651253594206664,1.1679403855950874,1.1658645508532275,1.0926448138888516,1.1569037893259972,1.158698935532337,1.1668492154276706,1.1575789994509804,1.0854230262801154,1.252681078871383,1.0814049181192276,145.1,78.1,78.1,84.4,64.0,100.4,3.36217725,1.2620226999999735
58,NiAl.eam.alloy,Ni,1.9450488137079478,2.0967801641061024,1.762895421596872,2.1963553863057155,2.047433766147863,2.009945458119998,2.172463102662208,2.103764400671797,2.1852352880884984,2.132750269671474,1.9941440228398342,2.0683720015873317,1.9869080633957084,241.3,150.8,150.8,127.3,94.5,181.0,4.45,1.5712000000001352
59,NiAl.eam.alloy,Al,0.6044814202702762,0.7864986478550281,0.5934391007392743,0.842820080199865,0.7538695931839889,0.7299869682339778,0.7968328929499181,0.8282583417469269,0.8348788459432424,0.8162563488637157,0.7509964247741906,0.747748900420674,0.7209499847642338,116.8,60.1,60.1,31.7,30.4,79.0,3.36,0.7069200000000957
60,NiAlH_jea.eam.alloy,Ni,2.0699330350660516,2.3646376900766777,1.9341630559265037,2.446834571418525,2.3880345212646503,2.2332528214267984,2.386627826566213,2.3526539058879905,2.4446443715469814,2.38140719465107,2.2076533062619745,2.3102510504297866,2.198786026413374,246.7,147.5,147.5,125.0,94.8,180.6,4.45,1.5919000000001686
61,NiAlH_jea.eam.alloy,Al,1.017632419364425,1.1542990023757582,1.4540489812260313,1.1848410574861132,1.1749312662590203,1.1158710697752492,1.155734734884245,1.2149525037798732,1.1869591299691262,1.168710248288576,1.1288551916190608,1.2482263989378917,1.1065685556327232,114.0,62.0,62.0,31.6,29.4,79.3,3.36,0.5240699999999516
62,PdAgH_HybridPd3Ag.eam.alloy,Ag,0.9485666533601612,1.024141300956309,0.8649307388683148,1.070191802872864,0.9983309064752496,0.9809487428218328,1.0552763305704236,1.0210708172153418,1.0646428402710093,1.0416014141359489,0.9765725754936804,1.007481605231896,0.9704020003344165,124.2,93.9,93.9,46.4,33.9,104.0,2.8500135,1.1019563999999602
63,PdAgH_HybridPd3Ag.eam.alloy,H2,1.7999778014853087,1.9550246048115634,1.8241703389747228,1.9561823542853294,2.015471087206872,2.040597017054937,1.953097051226852,1.9671165735159988,1.9532914883571437,2.006901864752724,1.9742355478319589,1.968948928357214,1.9452105874087267,324.1,160.7,160.7,106.2,96.4,215.2,1.7686821,1.142356700000001
64,PdAgH_MorsePd3Ag.eam.alloy,Ag,0.9485666524464541,1.0241413010746827,0.8649307405424181,1.0701918027853445,1.044107100506897,1.0588499745147761,1.0551681922141178,1.0211621777052058,1.0646428404119408,1.0382921474181648,0.9739490027788595,1.0075050689780258,0.970763488193291,124.2,93.9,93.9,46.4,33.9,104.0,2.8500135,1.1019563999999602
65,PdAgH_MorsePd3Ag.eam.alloy,H2,1.7999778014853087,1.9550246048115634,1.8241703389747228,1.9561823542853294,2.015471087206872,2.040597017054937,1.953097051226852,1.9671165735159988,1.9532914883571437,2.006901864752724,1.9742355478319589,1.968948928357214,1.9452105874087267,324.1,160.7,160.7,106.2,96.4,215.2,1.7686821,1.142356700000001
66,Ta2_Ravelo_2013.eam.alloy,Ta,0.28011306957311455,0.6460064693091844,2.9675754634902183,0.5767367123180727,1.6875192217471506,2.203354781855951,0.3815775320407021,2.3352257433637766,0.6969601721875929,2.421891286791237,2.139240154634896,2.389236547478212,2.1368280321946465,73.8,141.2,141.2,66.0,26.1,118.7,7.93305125,1.9520999999998825
67,Ag.eam.fs,Ag,0.7613386250598252,0.8143114649490402,0.6219722943160345,0.8680075801903475,0.7595842955906049,0.8209042471021547,0.8525903707315998,0.800319895280791,0.8561799606057778,0.8069423838605694,0.7320508411799955,0.7739590043047704,0.7285602316105287,172.4,141.8,141.8,86.4,58.0,152.0,2.967444,1.021126100000095
68,Al1.eam.fs,Al,0.49375281840051066,0.5818254958709481,0.4260572022044398,0.6225942165846668,0.5359105569290655,0.6013390433525793,0.5967794514084485,0.5696305328038729,0.6140227925205084,0.5820445770738792,0.4979426349474732,0.5494567437912935,0.49068549821801505,105.1,59.5,59.5,30.7,27.5,74.7,3.410657,0.657643000000022
69,Al90Sm10_MendelevM_2014.eam.fs,Al,1.0370085297146314,1.1088336567241661,1.3702418336051503,1.1415534114488102,1.1374556343722824,1.0833065513206164,1.1343922174024985,1.1149089758133224,1.1425090513261513,1.1289287429505397,1.059244969781437,1.1065414021136226,1.051275156849633,117.1,63.1,63.1,40.9,35.3,81.1,3.90514875,0.7546511999999046
70,Al90Sm10_MendelevM_2014.eam.fs,Al,1.0370085297146314,1.1088336567241661,1.3702418336051887,1.1415534114488102,1.0961804228897183,1.0833065513206164,1.1343922174024985,1.1756287798715435,1.1425090513261513,1.1301346073767833,1.0915860094542171,1.1521289446099385,1.0720734274961172,117.1,63.1,63.1,40.9,35.3,81.1,3.90514875,0.7543611999999547
71,Al-Fe.eam.fs,Al,0.19203442728337522,0.3276105863226368,0.1370152124950233,0.3808421818791644,0.3118821183597229,0.3377614199802333,0.3299196429213488,0.30418905861762063,0.36392283837332995,0.30994778725747935,0.25673255566664976,0.27154763623543143,0.23069213173655156,115.9,61.4,61.4,33.4,30.9,79.6,3.3697055,0.6764445000000117
72,Al-Fe.eam.fs,Fe,1.5523076972729972,1.6968485797027022,1.4054877265695158,1.7783869676399973,1.7171205738149227,1.6072545214008183,1.7475378278911604,1.6094471417691596,-0.15446624007350784,1.7138181413569438,1.5912451919945632,1.7294560478582368,1.5891973720007362,85.0,49.5,49.5,21.1,19.8,61.3,3.89240225,1.6437177000000007
73,Al-Mg.eam.fs,Al,0.4937510041560475,0.5818245469851164,0.4260592844193406,0.6225938508489348,0.5825134774309431,0.5215109915165235,0.5961627880642746,0.5696210441998012,0.6140225800518333,0.5830971719445938,0.4977524195715957,0.5494591773971228,0.49066781256078534,110.2,61.4,61.4,32.6,29.3,77.7,3.410657,0.657942999999833
74,Al-Mg.eam.fs,Al,0.49375100415610623,0.5818245469851145,0.42605928441926894,0.6225938508424599,0.5358627154075042,0.5215132230003959,0.5961627880642064,0.5696304425971859,0.6140225800519,0.5799850590897467,0.4977522152557501,0.5494624596212668,0.5140731120571441,110.2,61.4,61.4,32.6,29.3,77.7,3.410657,0.6576529999999967
75,Au.eam.fs,Au,0.7629371721759024,0.8161053683580066,0.6219087695019989,0.8656028149258826,0.8060490009370768,0.7410559549490607,0.8497493702339751,0.7988099061799736,0.8538938930436607,0.8068314648093885,0.7348360331277992,0.7738327545636008,0.703367459617384,256.8,227.6,227.6,100.8,66.3,237.3,3.78904525,0.9608147000000122
76,Cu1.eam.fs,Cu,1.0900143688241781,1.1580928263494346,0.9023198492054956,1.234469774123254,1.1635589993274196,1.0668023001404605,1.2178672321012072,1.1444165868176468,1.2193216805736016,1.1616960974313002,1.0550428619740617,1.1113523358100363,1.0905192255924143,174.5,127.8,127.8,84.4,60.0,143.4,3.28311625,1.047683799999954
77,Cu.eam.fs,Cu,1.146664297069252,1.2352926357387346,0.9466176596444842,1.3156193932382212,1.2284922595422048,1.1268399296640164,1.2908408084809535,1.2139469689096012,1.2990163077941679,1.2295677530087132,1.1124471160282565,1.1764698670015217,1.0699534451087032,262.6,215.4,215.4,153.7,101.7,231.1,3.519353,1.1881469999999816
78,Cu-Zr_2.eam.fs,Cu,1.090011207547713,1.1580938091422592,0.9023195438893147,1.2344721216637566,1.0933640490533703,1.0668188550193722,1.2178653314669112,1.1444820555821746,1.2191056529895425,1.1591755820757712,1.059063183779805,1.1113264347459137,1.0151254396683518,178.2,128.6,128.6,85.2,61.0,145.1,3.28311625,1.047683799999954
79,Cu-Zr_2.eam.fs,Zr,1.3880679999741616,1.5028634110406383,1.2325984564546069,1.5771668026417536,1.5139775240901816,1.5340977845299024,1.5481399928265531,1.4855131881340007,1.5632503451340825,1.5241116742795293,1.4341732284557653,1.4634384296959189,1.4008981385159938,109.2,76.7,76.7,64.0,44.9,87.5,6.438777,2.2089340000000606
80,Cu-Zr.eam.fs,Cu,1.0900112405171287,1.1580937891302927,0.9023195648353529,1.2344721328811548,1.2418193263946675,1.0667656236194645,1.2176890539954994,1.1445896435700171,1.219105656908589,1.1606977355532944,1.0540771599693044,1.1113479551834469,1.015114627376679,178.3,128.6,128.6,85.2,61.1,145.2,3.28311625,1.047683799999954
81,Cu-Zr.eam.fs,Zr,1.3880680214659997,1.5028634293192895,1.2325984464428725,1.5771667719904565,1.440054617873273,1.5342147937880415,1.5485524789877791,1.4864805206470784,1.563250345692744,1.5193682200247642,1.4111538845107023,1.4636627134265239,1.3611888962851384,109.2,76.7,76.7,64.0,44.9,87.5,6.438777,2.2089340000000606
82,Fe_5.eam.fs,Fe,2.0455051776870015,2.1094045543091045,1.8873978570529841,2.175975361710773,2.170282539198986,2.080214605345731,2.1848453258059677,2.2720246953532492,2.1763326383179753,2.1571931711234087,2.067958308163161,2.117666202450431,2.0611977611246863,120.3,74.3,74.3,43.5,35.3,89.6,4.014905,1.5875996999998279
83,Fe-C_Hepburn_Ackland.eam.fs,Fe,1.5523085568905184,1.6968496316130177,1.4054879179468638,1.7783864282039041,1.7105805978239546,1.6074736128599887,1.747537890661492,1.7176336360396611,-0.15446623350208755,1.713521953208225,1.5946927017495018,1.662884484838867,1.5468770574373985,84.9,49.6,49.6,21.0,19.7,61.4,3.89240225,1.6437177000000007
84,Fe.eam.fs,Fe,1.6792098701034461,1.796258754293803,1.4061042616920059,1.9140224530820746,1.8013431216892977,1.6560930980434891,1.8842396672730664,1.778509920134926,1.8911784842031514,1.7979105879964166,1.6411794884142326,1.7219931601351812,1.6899844196112597,187.3,121.6,121.6,97.5,71.6,143.5,4.26183925,1.8830999999998168
85,Fe-P.eam.fs,Fe,1.552308502661381,1.696851437169649,1.4054880493241901,1.7783858901400509,1.6989394060248668,1.6078508974920647,1.747538269201285,1.6827277755246413,-0.15322047484394777,1.7130085397268084,1.6266544827169158,1.6611725277447777,1.589277964630164,85.0,49.5,49.5,21.1,19.8,61.3,3.89240225,1.6437177000000007
86,MDSL.eam.fs,Al,0.685125681225981,0.74221133893707,0.6190129983397765,0.7777256795083021,0.7528549573798863,0.763523428774468,0.7652179536961267,0.7377279503690907,0.7727383555299985,0.7512423954913002,0.6868512584536699,0.7260696497573876,0.6800916224392853,94.6,68.2,68.2,42.5,30.8,77.0,3.390002,0.8851781000000911
87,Mendelev_Cu2_2012.eam.fs,Cu,1.207851887607183,1.2823960282302527,1.0208310797278863,1.3577135351359413,1.2913962706109705,1.1936477690305474,1.342027089225506,1.2695930376976976,1.3443395019538376,1.289974013928948,1.1834711740270787,1.2392801831568747,1.1763690763769274,174.1,127.2,127.2,83.7,59.6,142.8,3.42271925,1.1051808000000451
88,Ni1_Mendelev_2010.eam.fs,Ni,1.411883756277286,1.926839627859489,1.2807798536165593,1.6992147632803551,1.5119659261640201,1.4864950988833145,1.6480777404574658,1.5664317867575943,1.6746953063024754,1.6090227353306852,1.5145293237022424,1.53789657197981,1.4228887141257007,247.0,147.3,147.3,122.8,93.6,180.5,4.38550875,1.7577911999997262
89,Ni1_Mendelev_2012.eam.fs,Ni,1.411883756277286,1.926839627859489,1.2807798536165593,1.6992147632803551,1.5119659261640201,1.4864950988833145,1.6480777404574658,1.5664317867575943,1.6746953063024754,1.6090227353306852,1.5145293237022424,1.53789657197981,1.4228887141257007,247.0,147.3,147.3,122.8,93.6,180.5,4.38550875,1.7577911999997262
90,Ni.eam.fs,Ni,1.4571635450781852,1.64882800873795,1.3602518894086264,1.7369569113747687,1.5893498243879562,1.5612422050841177,1.687058672868779,1.7143974351065034,1.723109795737648,1.6751831845359668,1.5595547232018976,1.6074108714072584,1.554326020770011,260.7,150.5,150.5,131.4,100.9,187.2,4.4589975,1.4214026000000084
91,Ni.eam.fs,Ni,1.4571599150305683,1.6488295364376466,1.3602498237104645,1.736954618033865,1.589495872153162,1.5565617559698823,1.6879053479322805,1.6392355969134698,1.722682340086266,1.6763290778341988,1.516093991539316,1.6067361598210046,1.5450054344782822,260.7,150.5,150.5,131.4,100.9,187.2,4.4589975,1.4214026000000084
92,Ni-Zr_Mendelev_2010.eam.fs,Ni,1.4118837587601256,1.584551038060489,1.280779853064192,1.6992147672746114,1.5119666773421476,1.486520899039777,1.6480777386705685,1.6538763269161358,1.674588415666783,1.6099918160851268,1.474748751024694,1.651353753453204,1.4743240632912258,247.0,147.3,147.3,122.8,93.6,180.5,4.38550875,1.7577911999997262
93,Ni-Zr_Mendelev_2010.eam.fs,Zr,1.3880682768631702,1.5028634331827841,1.2325988914265313,1.5771662747455966,1.440600049018549,1.4184676303566583,1.5485524529954662,1.4862051179990792,1.5632509456416461,1.5196100647449289,1.4105232414747815,1.4623959020253794,1.4384057127181484,110.1,76.9,76.9,64.3,45.2,88.0,6.438777,2.2089340000000606
94,Ni-Zr_Mendelev_2012.eam.fs,Ni,1.4118837587601256,1.584551038060489,1.280779853064192,1.6992147672746114,1.5119666773421476,1.486520899039777,1.6480777386705685,1.6538763269161358,1.674588415666783,1.6099918160851268,1.474748751024694,1.651353753453204,1.4743240632912258,247.0,147.3,147.3,122.8,93.6,180.5,4.38550875,1.7577911999997262
95,Ni-Zr_Mendelev_2012.eam.fs,Zr,1.3880682768631702,1.5028634331827841,1.2325988914265313,1.5771662747455966,1.440600049018549,1.4184676303566583,1.5485524529954662,1.4862051179990792,1.5632509456416461,1.5196100647449289,1.4105232414747815,1.4623959020253794,1.4384057127181484,110.1,76.9,76.9,64.3,45.2,88.0,6.438777,2.2089340000000606
96,Ni-Zr_Mendelev_2014.eam.fs,Ni,1.4118837587601256,1.584551038060489,1.280779853064192,1.6992147672746114,1.5119666773421476,1.486520899039777,1.6480777386705685,1.6538763269161358,1.674588415666783,1.6099918160851268,1.474748751024694,1.651353753453204,1.4743240632912258,247.0,147.3,147.3,122.8,93.6,180.5,4.38550875,1.7577911999997262
97,Ni-Zr_Mendelev_2014.eam.fs,Zr,1.3880682768631702,1.5028634331827841,1.2325988914265313,1.5771662747455966,1.440600049018549,1.4184676303566583,1.5485524529954662,1.4862051179990792,1.5632509456416461,1.5196100647449289,1.4105232414747815,1.4623959020253794,1.4384057127181484,110.1,76.9,76.9,64.3,45.2,88.0,6.438777,2.2089340000000606
98,Ru.eam.fs,Ru,2.873506540722285,2.906723945581786,2.677480778954879,2.997205714840222,3.0288593193951643,2.933911612480336,3.0224025510418944,3.057208705889248,2.996050284589775,2.9973687654709,2.9037457875761126,2.945044021117598,2.8865811549577796,599.7,225.9,225.9,233.7,215.0,350.5,6.71238625,1.7532624999999884
99,Ti.eam.fs,Ti,1.0561917996772106,1.190636489512212,1.5299963632888547,1.2530777816734873,1.2841612839190157,1.1259427366122012,1.2177507350027137,1.2131207349733222,1.2431472710492217,1.2088045613504617,1.1468055009530804,1.1612711227878827,1.114821849860609,153.5,90.4,90.4,66.4,52.5,111.4,4.8391045,1.5149256666667474
100,V-Fe.eam.fs,Fe,1.552308502661381,1.696851437169649,1.4054880493241901,1.7783858901400509,1.6989394060248668,1.6078508974920647,1.747538269201285,1.6827277755246413,-0.15322047484394777,1.7130085397268084,1.6266544827169158,1.6611725277447777,1.589277964630164,85.0,49.5,49.5,21.1,19.8,61.3,3.89240225,1.6437177000000007
101,W.eam.fs,W,2.627867010811932,2.829634225667781,2.201438065957017,3.020481573660869,2.6679571400069673,2.599297268828159,2.963078778655983,2.7950281882107757,2.98287115036768,2.825084390117588,2.5739444481886045,2.7045545878373405,2.6589495526914555,482.1,138.0,138.0,104.9,131.8,252.7,8.60419,3.2978002000001343
102,Zr_1.eam.fs,Zr,1.491933015647702,1.4881813552519223,1.316222091222893,1.5481637823961765,1.4788133758516806,1.458912444634107,1.5645474550924643,1.5005382153523523,1.540823567522269,1.5207719059119327,1.4525192518348673,1.4871405487662919,1.4637484791740414,129.5,103.2,103.2,69.6,47.0,112.0,5.98919225,1.4619694999998893
103,Zr_2.eam.fs,Zr,1.388068277021887,1.5028634333975504,1.2325988913293942,1.5771662746499946,1.4420501726179498,1.4184676325390204,1.5481396317941807,1.5222304499293648,1.5642195864072448,1.517523165848391,1.4350175751168603,1.4638365522250734,1.3998234998964005,110.1,76.9,76.9,64.3,45.2,88.0,6.438777,2.2089340000000606
104,Zr_3.eam.fs,Zr,1.5633263058452926,1.688583034003397,1.941206032759909,1.7253151825504442,1.6769789026215158,1.605397795992985,1.708316616486827,1.6908012593406305,1.7285632876290755,1.7036636075034337,1.6069887207800648,1.7104394074668239,1.5927329557541254,88.4,74.4,74.4,44.5,29.5,79.1,6.5803945,1.5551909999998523
105,Ag.set,Ag,0.983222687730083,1.0905888612458292,0.9083378170390437,1.1402992145736393,1.0540037844258208,1.0364348755187638,1.1158483491413862,1.1326554779325706,1.1337820184934904,1.1048348963659038,1.0498599269224167,1.0668044551355274,0.9982024930429259,122.9,92.9,92.9,45.1,33.1,102.9,2.849995,1.0948950000001005
106,Al.set,Al,0.9253137205765855,1.0340743288174148,0.9091574068950391,1.0677051934695079,1.0674294143412306,1.0855569747116511,1.0465786074567007,1.0410902091485632,1.0678547330969177,1.0602109048958537,1.0237538969229958,1.0333938025685405,1.0022131044330047,104.3,57.9,57.9,27.7,25.9,73.4,3.57997975,0.7409902999999884
107,Al_wkg_MSMSE_2009.set,Al,0.9174973757827521,1.0522944413196438,0.8795901330246229,1.105053418475997,1.0185778623378914,0.9974191795036877,1.069766920908241,1.0503116045990024,1.098140793372805,1.0676193056384526,0.9944241819597629,1.028392141240009,0.99217841918778,113.8,61.7,61.7,31.2,29.1,79.1,2.6459795,0.6624203999998923
108,Al_wkg_MSMSE_2009.set,Al,0.9174973757827455,1.0522944413196462,0.879590133024718,1.1050534184758118,1.0740840042250264,1.0991999858914165,1.069766920908262,1.0503115987581695,1.098022846325564,1.0696379906434574,0.9743234777540286,1.0283933878011802,0.9619347007800552,113.8,61.7,61.7,31.2,29.1,79.1,2.6459795,0.6616703999999669
109,Au.set,Au,1.0133783247598045,1.1129749506974103,0.9017685867143719,1.1705339871183618,1.057910873550791,1.0371076762966358,1.1443594930342034,1.1502653945961037,1.1605168681049804,1.1160032424159696,1.0385214437554866,1.073948851817747,0.9944618037573006,187.9,157.8,157.8,42.6,31.6,167.8,3.93000225,0.9925976999999886
110,Cu.set,Cu,1.5736424851560937,1.753660585526606,2.1938752860349524,1.8232574587404122,1.7924167346109807,1.824197334965654,1.7866486562618313,1.9488851092802473,1.8167445155232171,1.7872122694405388,1.6841741728968063,1.913025961981507,1.6778076317037938,174.4,123.7,123.7,78.5,57.2,140.6,3.5399825,1.2757175999998789
111,Mo.set,Mo,2.3148308478750663,2.4624527174530764,1.9169465010810514,2.6199006686723183,2.3184020936216343,2.2542138913756307,2.5781826677929733,2.4402915712015516,2.58838236063813,2.4474997589633305,2.202058665669311,2.342556678375935,2.149185831172833,177.9,115.9,115.9,77.7,59.0,136.6,6.656086,3.100296200000007
112,Ni.set,Ni,1.8821149360174416,2.0713127699278524,2.631175615923845,2.1618475008623306,2.1322258270337096,2.168335332474368,2.126357155548508,2.1684548348173602,2.154194870803872,2.1196149852691084,2.0343268876274045,2.1660054795022736,1.992719332875377,248.7,147.6,147.6,126.2,95.9,181.3,4.449992,1.7042079999999462
113,Pb.set,Pb,0.3853056071213554,0.42636049199816217,0.3473859867988978,0.4465735109711719,0.4067807626107916,0.3996610182555222,0.4362511812147446,0.42139034389018937,0.44345096586274385,0.4281883805115522,0.399082897700103,0.41323957108828585,0.3835405405054789,49.7,42.3,42.3,14.8,10.4,44.8,2.01999605,0.5900639000000893
114,PdH_Zhou_June29_2007_2.set,Pd,2.079120054281532,2.271061043199813,2.009454186403649,2.3410623419126195,2.321343346923414,2.221504461568307,2.302460533329074,2.3091856210160464,2.3345485641536423,2.3114994000701263,2.213187530105206,2.2746776999939278,2.1606537939632746,246.7,200.5,200.5,55.7,42.7,215.9,3.91041825,1.2434418000000087
115,PdH_Zhou_June29_2007_2.set,H2,1.7426026941636945,1.9148333941677993,1.786405738434332,1.89820582991492,1.9308943966622552,1.9104148505145992,1.8940653340329665,1.9266395250340462,1.8938417339627271,1.9622475230833443,1.9105070570960774,1.9276449555901105,1.8815132965455528,295.2,156.5,156.5,102.1,89.0,202.7,1.74907115,1.1190196000000103
116,Pd.set,Pd,1.6357062804347946,1.8035240278110942,1.518003913170814,1.8831880850902105,1.8384015110132021,1.7259993378547962,1.846605658654998,1.918054328351335,1.871747189372187,1.8286089010744262,1.7119995351314403,1.7727510271228475,1.7045780645125055,236.6,177.0,177.0,72.1,55.2,196.9,3.909996,1.5486338999999711
117,Pt.set,Pt,2.182973949862697,2.4025769204755916,2.080449339930976,2.491624250028226,2.465919238378894,2.3321685358850064,2.4477111608430673,2.4069190941138543,2.4853724622859046,2.452966069497155,2.315255577106299,2.389767506532189,2.2584376673030047,358.6,261.4,261.4,78.3,66.4,293.8,5.7699605,1.5303394999998794
118,W.set,W,2.78673816500006,2.974401603322652,2.302057395890656,3.16867149066314,2.9567987084327974,2.714540917813134,3.113759683389627,2.944507479941771,3.1264227803016578,2.9544555399735075,2.641170483145123,2.8227402832028234,2.585002346234705,216.7,138.5,138.5,98.6,74.8,164.6,8.59694275,3.7419061999997503
119,Zr.set,Zr,1.3779545238477429,1.508439388613795,1.2601099488202276,1.6050956801876157,1.4788793449672222,1.4440647198485812,1.5495475732062656,1.5390389179963109,1.5696010217253928,1.556789842971592,1.4314403079078664,1.4990642752468564,1.426718825919183,103.8,77.2,77.2,45.1,32.4,86.1,6.35176775,1.8190470000000625
